sku,cost_price,fully_qualified_name,active,incremental_order_quantity,pack_size,pack_size_qty,stock,weight,weight_units
MERCH-T-SPOONS,0,2019 BSR T-shirt - Spoons,True,1,Each,,"[{'id': 43744, 'on_hand': '0', 'available': '0', 'committed': '0', 'backorderable': False, 'stock_location_name': 'Big Spoon Roasters Production Facility'}]",0.25,lb
APP-CYL-CAP-BLK,0,2019 BSR T-shirt - Spoons:Each,False,1,Each,,"[{'id': 43745, 'on_hand': '0', 'available': '0', 'committed': '0', 'backorderable': False, 'stock_location_name': 'Big Spoon Roasters Production Facility'}]",0.25,lb
W-TU-BEAR,0,2019 BSR T-shirt - Spoons:Women's Medium,False,1,Each,,"[{'id': 43746, 'on_hand': '0', 'available': '0', 'committed': '0', 'backorderable': False, 'stock_location_name': 'Big Spoon Roasters Production Facility'}]",0.25,lb
W-TW-BEAR,0,2019 BSR T-shirt - Spoons:Women's Large,False,1,Each,,"[{'id': 43747, 'on_hand': '0', 'available': '0', 'committed': '0', 'backorderable': False, 'stock_location_name': 'Big Spoon Roasters Production Facility'}]",0.25,lb
W-TW-PNUT,0,2019 BSR T-shirt - Spoons:Women's Large,False,1,Each,,"[{'id': 52091, 'on_hand': '0', 'available': '0', 'committed': '0', 'backorderable': True, 'stock_location_name': 'Big Spoon Roasters Production Facility'}]",0.25,lb
W-TU-PNUT,0,2019 BSR T-shirt - Spoons:Women's Medium,False,1,Each,,"[{'id': 52092, 'on_hand': '0', 'available': '0', 'committed': '0', 'backorderable': True, 'stock_location_name': 'Big Spoon Roasters Production Facility'}]",0.25,lb
MERCH-T-SPOONS-W-S,13.85,2019 BSR T-shirt - Spoons:Women's Small,True,1,Each,,"[{'id': 198286, 'on_hand': '9', 'available': '9', 'committed': '0', 'backorderable': True, 'stock_location_name': 'Big Spoon Roasters Production Facility'}]",0.25,lb
MERCH-T-SPOONS-W-M,13.85,2019 BSR T-shirt - Spoons:Women's Medium,True,1,Each,,"[{'id': 198287, 'on_hand': '8', 'available': '8', 'committed': '0', 'backorderable': True, 'stock_location_name': 'Big Spoon Roasters Production Facility'}]",0.25,lb
MERCH-T-SPOONS-W-L,13.85,2019 BSR T-shirt - Spoons:Women's Large,True,1,Each,,"[{'id': 198288, 'on_hand': '15', 'available': '15', 'committed': '0', 'backorderable': True, 'stock_location_name': 'Big Spoon Roasters Production Facility'}]",0.25,lb
MERCH-T-SPOONS-W-XL,13.85,2019 BSR T-shirt - Spoons:Women's XL,True,1,Each,,"[{'id': 198289, 'on_hand': '9', 'available': '9', 'committed': '0', 'backorderable': True, 'stock_location_name': 'Big Spoon Roasters Production Facility'}]",0.25,lb
MERCH-T-SPOONS-U-S,14.95,2019 BSR T-shirt - Spoons:Unisex Small,True,1,,,"[{'id': 198290, 'on_hand': '18', 'available': '18', 'committed': '0', 'backorderable': True, 'stock_location_name': 'Big Spoon Roasters Production Facility'}]",0.25,lb
MERCH-T-SPOONS-U-M,14.95,2019 BSR T-shirt - Spoons:Unisex Medium,True,1,Each,,"[{'id': 198291, 'on_hand': '10', 'available': '9', 'committed': '1', 'backorderable': True, 'stock_location_name': 'Big Spoon Roasters Production Facility'}]",0.25,lb
MERCH-T-SPOONS-U-L,14.95,2019 BSR T-shirt - Spoons:Unisex Large,True,1,Each,,"[{'id': 198292, 'on_hand': '11', 'available': '11', 'committed': '0', 'backorderable': True, 'stock_location_name': 'Big Spoon Roasters Production Facility'}]",0.25,lb
MERCH-T-SPOONS-U-XL,14.95,2019 BSR T-shirt - Spoons:Unisex XL,True,1,Each,,"[{'id': 198293, 'on_hand': '8', 'available': '8', 'committed': '0', 'backorderable': True, 'stock_location_name': 'Big Spoon Roasters Production Facility'}]",6,oz
INGREDIENTS,0,INGREDIENTS,True,1,,,"[{'id': 43748, 'on_hand': '0', 'available': '0', 'committed': '0', 'backorderable': False, 'stock_location_name': 'Big Spoon Roasters Production Facility'}]",0,
I-VAN-10#-INACTIVE,501,INGREDIENTS:Vanilla Powder (Beanilla) - 10# case,False,1,Each,,"[{'id': 43749, 'on_hand': '0', 'available': '0', 'committed': '0', 'backorderable': False, 'stock_location_name': 'Big Spoon Roasters Production Facility'}]",0,
L90D-INACTIVE,1141.45,"INGREDIENTS:Frutalose (Inulin) L90, 55 gallon drum",False,1,Each,,"[{'id': 43750, 'on_hand': '0', 'available': '0', 'committed': '0', 'backorderable': False, 'stock_location_name': 'Big Spoon Roasters Production Facility'}]",0,
I-ALM-50#-INACTIVE,172.5,"INGREDIENTS:Almond Stock, Mission Dry Roasted - 50# case",False,1,Each,,"[{'id': 43751, 'on_hand': '0', 'available': '0', 'committed': '0', 'backorderable': True, 'stock_location_name': 'Big Spoon Roasters Production Facility'}]",0,
RW2160088-INACTIVE,0,"INGREDIENTS:Apricots, Turkish Whole - 28# case",False,1,Each,,"[{'id': 43752, 'on_hand': '0', 'available': '0', 'committed': '0', 'backorderable': False, 'stock_location_name': 'Big Spoon Roasters Production Facility'}]",0,
I-ASKINOSIE-MOR-INACTIVE,25,"INGREDIENTS:Chocolate, Askinosie Morsels - by the Kg",False,1,Each,,"[{'id': 43753, 'on_hand': '0', 'available': '0', 'committed': '0', 'backorderable': False, 'stock_location_name': 'Big Spoon Roasters Production Facility'}]",0,
272230-INACTIVE,0,"INGREDIENTS:Cashew Stock, 25#",False,1,Each,,"[{'id': 43754, 'on_hand': '0', 'available': '0', 'committed': '0', 'backorderable': False, 'stock_location_name': 'Big Spoon Roasters Production Facility'}]",0,
I-CHAI-NOSUGAR-INACTIVE,14.24,"INGREDIENTS:Chai Spice Mix - No Sugar, by the LB",False,1,Each,,"[{'id': 43755, 'on_hand': '0', 'available': '0', 'committed': '0', 'backorderable': False, 'stock_location_name': 'Big Spoon Roasters Production Facility'}]",0,
23450-INACTIVE,44.75,"INGREDIENTS:Vietnamese Cinnamon, 25# bag",False,1,Each,,"[{'id': 43756, 'on_hand': '0', 'available': '0', 'committed': '0', 'backorderable': False, 'stock_location_name': 'Big Spoon Roasters Production Facility'}]",0,
3109-INACTIVE,112.25,"INGREDIENTS:Org Coconut Chips, Unsweetened - 25lbs",False,1,Each,,"[{'id': 43757, 'on_hand': '0', 'available': '0', 'committed': '0', 'backorderable': False, 'stock_location_name': 'Big Spoon Roasters Production Facility'}]",0,
CRYSTALS-INACTIVE,134.19,"INGREDIENTS:Sugar, A4-15 Coconut Crystals - 27.5# bag",False,1,Each,,"[{'id': 43758, 'on_hand': '0', 'available': '0', 'committed': '0', 'backorderable': False, 'stock_location_name': 'Big Spoon Roasters Production Facility'}]",0,
990042-INACTIVE,17.09,"INGREDIENTS:Oil, Organic Coconut - 2# Jar",False,1,Each,,"[{'id': 43759, 'on_hand': '0', 'available': '0', 'committed': '0', 'backorderable': False, 'stock_location_name': 'Big Spoon Roasters Production Facility'}]",0,
RW5100178-INACTIVE,57,"INGREDIENTS:Sweetened Dried Tart Cherries, 10# case",False,1,Each,,"[{'id': 43760, 'on_hand': '0', 'available': '0', 'committed': '0', 'backorderable': False, 'stock_location_name': 'Big Spoon Roasters Production Facility'}]",0,
I-ESP-TIGER-5LB-INACTIVE,51.75,INGREDIENTS:Equator Coffees Tigerwalk Espresso - 5LB Bag,False,1,Each,,"[{'id': 43761, 'on_hand': '0', 'available': '0', 'committed': '0', 'backorderable': True, 'stock_location_name': 'Big Spoon Roasters Production Facility'}]",0,
20144-INACTIVE,186.85,"INGREDIENTS:Crystallized FIJI Ginger Mini Chips, 25.4# case",False,1,Each,,"[{'id': 43762, 'on_hand': '0', 'available': '0', 'committed': '0', 'backorderable': False, 'stock_location_name': 'Big Spoon Roasters Production Facility'}]",0,
250220-INACTIVE,24.77,"INGREDIENTS:Oil, Grapeseed (5 liter bottle)",False,1,Each,,"[{'id': 43763, 'on_hand': '0', 'available': '0', 'committed': '0', 'backorderable': False, 'stock_location_name': 'Big Spoon Roasters Production Facility'}]",0,
017463-20-US-INACTIVE,0,"INGREDIENTS:Green Tea Extract, GT Fort 101 C IP",False,1,Each,,"[{'id': 43764, 'on_hand': '0', 'available': '0', 'committed': '0', 'backorderable': False, 'stock_location_name': 'Big Spoon Roasters Production Facility'}]",0,
RST DCD 25LB-INACTIVE,156.25,"INGREDIENTS:Roasted Diced Hazelnuts, 25#",False,1,Each,,"[{'id': 43765, 'on_hand': '0', 'available': '0', 'committed': '0', 'backorderable': False, 'stock_location_name': 'Big Spoon Roasters Production Facility'}]",0,
6150-INACTIVE,0,"INGREDIENTS:Honey, Local Wildflower - 60#",False,1,Each,,"[{'id': 43766, 'on_hand': '0', 'available': '0', 'committed': '0', 'backorderable': False, 'stock_location_name': 'Big Spoon Roasters Production Facility'}]",0,
OHDHON(5gal)-INACTIVE,0,"INGREDIENTS:Honey, Oregon High Desert - 5 gallon",False,1,Each,,"[{'id': 43767, 'on_hand': '0', 'available': '0', 'committed': '0', 'backorderable': False, 'stock_location_name': 'Big Spoon Roasters Production Facility'}]",0,
KOSH##-INACTIVE,4.92,"INGREDIENTS:Salt, Jacobsen Kosher Bulk - by the LB",False,1,Each,,"[{'id': 43768, 'on_hand': '0', 'available': '0', 'committed': '0', 'backorderable': False, 'stock_location_name': 'Big Spoon Roasters Production Facility'}]",0,
92040-INACTIVE,282.36,"INGREDIENTS:Sugar, Pure Standard Maple - 40# Box",False,1,Each,,"[{'id': 43769, 'on_hand': '0', 'available': '0', 'committed': '0', 'backorderable': False, 'stock_location_name': 'Big Spoon Roasters Production Facility'}]",0,
I-NIBS-INACTIVE,9.75,"INGREDIENTS:Cocoa Nibs, 1#",False,1,Each,,"[{'id': 43770, 'on_hand': '0', 'available': '0', 'committed': '0', 'backorderable': False, 'stock_location_name': 'Big Spoon Roasters Production Facility'}]",0,
181237-INACTIVE,47.91,"INGREDIENTS:Oats, Old Fashioned GF - 25#",False,1,Each,,"[{'id': 43771, 'on_hand': '0', 'available': '0', 'committed': '0', 'backorderable': False, 'stock_location_name': 'Big Spoon Roasters Production Facility'}]",0,
35009-INACTIVE,0,"INGREDIENTS:Oats, 50# Bag",False,1,Each,,"[{'id': 43772, 'on_hand': '0', 'available': '0', 'committed': '0', 'backorderable': False, 'stock_location_name': 'Big Spoon Roasters Production Facility'}]",0,
QUINOAFLK25#B-O-INACTIVE,104,"INGREDIENTS:Quinoa Flake, Organic RTE - 50# Bag",False,1,Each,,"[{'id': 43773, 'on_hand': '0', 'available': '0', 'committed': '0', 'backorderable': False, 'stock_location_name': 'Big Spoon Roasters Production Facility'}]",0,
272250-INACTIVE,0,"INGREDIENTS:Natural PB Stock - Olde Tyme, 30#",False,1,Each,,"[{'id': 43774, 'on_hand': '0', 'available': '0', 'committed': '0', 'backorderable': False, 'stock_location_name': 'Big Spoon Roasters Production Facility'}]",0,
2191-INACTIVE,207,"INGREDIENTS:Pecan Pieces, Fancy XL Org - 30# case",False,1,Each,,"[{'id': 43775, 'on_hand': '0', 'available': '0', 'committed': '0', 'backorderable': False, 'stock_location_name': 'Big Spoon Roasters Production Facility'}]",0,
PUMPKINSEED-INACTIVE,3.3,"INGREDIENTS:Pumpkin Seeds, Roasted - by the LB",False,1,Each,,"[{'id': 43776, 'on_hand': '0', 'available': '0', 'committed': '0', 'backorderable': False, 'stock_location_name': 'Big Spoon Roasters Production Facility'}]",0,
5171786-INACTIVE,142.95,"INGREDIENTS:Quinoa Crisps, Organic - 25# case",False,1,Each,,"[{'id': 43777, 'on_hand': '0', 'available': '0', 'committed': '0', 'backorderable': False, 'stock_location_name': 'Big Spoon Roasters Production Facility'}]",0,
NSSU155-INACTIVE,47.91,"INGREDIENTS:Sugar, Raw Demerara - 25# bag",False,1,Each,,"[{'id': 43778, 'on_hand': '0', 'available': '0', 'committed': '0', 'backorderable': False, 'stock_location_name': 'Big Spoon Roasters Production Facility'}]",0,
35152-INACTIVE,0,"INGREDIENTS:Salt, Fine Sea Sicily Trapani 25kgs",False,1,Each,,"[{'id': 43779, 'on_hand': '0', 'available': '0', 'committed': '0', 'backorderable': False, 'stock_location_name': 'Big Spoon Roasters Production Facility'}]",0,
SORGHUM-INACTIVE,133,INGREDIENTS:Sorghum Syrup - 5 Gallon,False,1,Each,,"[{'id': 43780, 'on_hand': '0', 'available': '0', 'committed': '0', 'backorderable': False, 'stock_location_name': 'Big Spoon Roasters Production Facility'}]",0,
TAZACAFE-INACTIVE,55,INGREDIENTS:Taza (Cafe Blend) - 5# Bag,False,1,Each,,"[{'id': 43781, 'on_hand': '0', 'available': '0', 'committed': '0', 'backorderable': False, 'stock_location_name': 'Big Spoon Roasters Production Facility'}]",0,
TAZAPURO-INACTIVE,50,INGREDIENTS:Taza (Puro Blend) - 5# Bag,False,1,Each,,"[{'id': 43782, 'on_hand': '0', 'available': '0', 'committed': '0', 'backorderable': False, 'stock_location_name': 'Big Spoon Roasters Production Facility'}]",0,
BW416P804,0,INGREDIENTS:Bovine - rBGH Free - 20kg,False,1,Each,,"[{'id': 43783, 'on_hand': '0', 'available': '0', 'committed': '0', 'backorderable': False, 'stock_location_name': 'Big Spoon Roasters Production Facility'}]",0,
PURIS870H-INACTIVE,171.96,INGREDIENTS:Pea Protein (Puris) - 20Kg Bag,False,1,Each,,"[{'id': 46874, 'on_hand': '0', 'available': '0', 'committed': '0', 'backorderable': False, 'stock_location_name': 'Big Spoon Roasters Production Facility'}]",0,
#560-INACTIVE,62.5,"INGREDIENTS:Cranberries, Dried Sweetened - 25# case",False,1,Each,,"[{'id': 47570, 'on_hand': '0', 'available': '0', 'committed': '0', 'backorderable': False, 'stock_location_name': 'Big Spoon Roasters Production Facility'}]",0,
#070-INACTIVE,41.89,"INGREDIENTS:Figs, Diced - 10Kg Box",False,1,Each,,"[{'id': 47571, 'on_hand': '0', 'available': '0', 'committed': '0', 'backorderable': False, 'stock_location_name': 'Big Spoon Roasters Production Facility'}]",0,
SJD1706-INACTIVE,7.54,"INGREDIENTS:Ancho Chile Powder, by the LB",False,1,Each,,"[{'id': 48501, 'on_hand': '0', 'available': '0', 'committed': '0', 'backorderable': False, 'stock_location_name': 'Big Spoon Roasters Production Facility'}]",1,lb
SJD2906-INACTIVE,59.1,"INGREDIENTS:Guajillo Chile Powder, 10#",False,1,Each,,"[{'id': 48502, 'on_hand': '0', 'available': '0', 'committed': '0', 'backorderable': False, 'stock_location_name': 'Big Spoon Roasters Production Facility'}]",1,lb
SJD0804-INACTIVE,22.1,"INGREDIENTS:Habanero Powder, 1#",False,1,Each,,"[{'id': 48503, 'on_hand': '0', 'available': '0', 'committed': '0', 'backorderable': False, 'stock_location_name': 'Big Spoon Roasters Production Facility'}]",1,lb
I-ORG-PNUTS-30#-INACTIVE,58.5,"INGREDIENTS:Peanut Splits, Org Roasted - 30# case",False,1,Each,,"[{'id': 52149, 'on_hand': '0', 'available': '0', 'committed': '0', 'backorderable': False, 'stock_location_name': 'Big Spoon Roasters Production Facility'}]",0,
RW2550071-INACTIVE,42,"INGREDIENTS:Apricots, Unsulphured Diced - 28# case",False,1,Each,,"[{'id': 54038, 'on_hand': '0', 'available': '0', 'committed': '0', 'backorderable': False, 'stock_location_name': 'Big Spoon Roasters Production Facility'}]",0,
23012-INACTIVE,156,"INGREDIENTS:Organic Honey, 60#",False,1,,,"[{'id': 56321, 'on_hand': '0', 'available': '0', 'committed': '0', 'backorderable': False, 'stock_location_name': 'Big Spoon Roasters Production Facility'}]",0,
I-TEST-ING,0,INGREDIENTS:I-TEST-ING,False,1,Each,,"[{'id': 62611, 'on_hand': '0', 'available': '0', 'committed': '0', 'backorderable': False, 'stock_location_name': 'Big Spoon Roasters Production Facility'}]",0,
I-ESP-GGET-5lb-INACTIVE,43.25,INGREDIENTS:GGET Espresso - 5LB Bag,False,1,,,"[{'id': 63795, 'on_hand': '0', 'available': '0', 'committed': '0', 'backorderable': False, 'stock_location_name': 'Big Spoon Roasters Production Facility'}]",0,
I-ORG-CASHEW-INACTIVE,4.4,"INGREDIENTS:Org Cashew Stock, by the LB",False,1,,,"[{'id': 65609, 'on_hand': '0', 'available': '0', 'committed': '0', 'backorderable': False, 'stock_location_name': 'Big Spoon Roasters Production Facility'}]",0,
I-DRIED-GHOST-1OZ-INACTIVE,0,INGREDIENTS:I-DRIED-GHOST-1OZ,False,1,,,"[{'id': 195693, 'on_hand': '0', 'available': '0', 'committed': '0', 'backorderable': False, 'stock_location_name': 'Big Spoon Roasters Production Facility'}]",0.06,lb
I-DRIED-HABANERO-1OZ-INACTIVE,0,INGREDIENTS:I-DRIED-HABANERO-1OZ,False,1,,,"[{'id': 195694, 'on_hand': '0', 'available': '0', 'committed': '0', 'backorderable': False, 'stock_location_name': 'Big Spoon Roasters Production Facility'}]",0.06,lb
I-CAROLINA-REAPER-1OZ-INACTIVE,0,INGREDIENTS:I-DRIED-CAROLINA-REAPER-1OZ,False,1,,,"[{'id': 195697, 'on_hand': '0', 'available': '0', 'committed': '0', 'backorderable': False, 'stock_location_name': 'Big Spoon Roasters Production Facility'}]",0.06,lb
345037P-INACTIVE,0,"INGREDIENTS:Chocolate, TCHO 81%, Extra Dark",False,1,,,"[{'id': 196517, 'on_hand': '0', 'available': '0', 'committed': '0', 'backorderable': False, 'stock_location_name': 'Big Spoon Roasters Production Facility'}]",0,lb
I-GRANOLA-INACTIVE,0,INGREDIENTS:Granola,False,1,,,"[{'id': 197362, 'on_hand': '0', 'available': '0', 'committed': '0', 'backorderable': False, 'stock_location_name': 'Big Spoon Roasters Production Facility'}]",1,lb
OTHER PRODUCTS/SERVICES-INACTIVE,0,OTHER PRODUCTS/SERVICES-INACTIVE,False,1,,,"[{'id': 43784, 'on_hand': '0', 'available': '0', 'committed': '0', 'backorderable': False, 'stock_location_name': 'Big Spoon Roasters Production Facility'}]",0,
S-13166-INACTIVE,0,"OTHER PRODUCTS/SERVICES-INACTIVE:Label - Best By Sticker, 20M/BX",False,1,Each,,"[{'id': 43785, 'on_hand': '0', 'available': '0', 'committed': '0', 'backorderable': False, 'stock_location_name': 'Big Spoon Roasters Production Facility'}]",0,
AP-12PK-BOX,0,OTHER PRODUCTS/SERVICES-INACTIVE:Box - Cherry Pecan 12pk,False,1,Each,,"[{'id': 43786, 'on_hand': '0', 'available': '0', 'committed': '0', 'backorderable': False, 'stock_location_name': 'Big Spoon Roasters Production Facility'}]",0,
44W64L-INACTIVE,0.69,OTHER PRODUCTS/SERVICES-INACTIVE:Packaging - Bulk Half Gallon Lid,False,1,Each,,"[{'id': 43787, 'on_hand': '0', 'available': '0', 'committed': '0', 'backorderable': False, 'stock_location_name': 'Big Spoon Roasters Production Facility'}]",0,
44W64W-INACTIVE,0,OTHER PRODUCTS/SERVICES-INACTIVE:Packaging - Bulk Hald Gallon Pail,False,1,Each,,"[{'id': 43788, 'on_hand': '0', 'available': '0', 'committed': '0', 'backorderable': False, 'stock_location_name': 'Big Spoon Roasters Production Facility'}]",0,
PL09W-INACTIVE,0.37,OTHER PRODUCTS/SERVICES-INACTIVE:Packaging - Bulk 1 Gallon Lid,False,1,Each,,"[{'id': 43789, 'on_hand': '0', 'available': '0', 'committed': '0', 'backorderable': False, 'stock_location_name': 'Big Spoon Roasters Production Facility'}]",0,
P009-INACTIVE,0,OTHER PRODUCTS/SERVICES-INACTIVE:Packaging - Bulk 1 Gallon Pail,False,1,Each,,"[{'id': 43790, 'on_hand': '0', 'available': '0', 'committed': '0', 'backorderable': False, 'stock_location_name': 'Big Spoon Roasters Production Facility'}]",0,
PL58W-INACTIVE,1.65,OTHER PRODUCTS/SERVICES-INACTIVE:Packaging - Bulk 5 Gallon Lid,False,1,Each,,"[{'id': 43791, 'on_hand': '0', 'available': '0', 'committed': '0', 'backorderable': False, 'stock_location_name': 'Big Spoon Roasters Production Facility'}]",0,
5GALPAIL-INACTIVE,0,OTHER PRODUCTS/SERVICES-INACTIVE:Packaging - Bulk 5 Gallon Pail,False,1,Each,,"[{'id': 43792, 'on_hand': '0', 'available': '0', 'committed': '0', 'backorderable': False, 'stock_location_name': 'Big Spoon Roasters Production Facility'}]",0,
BULK-Label-Sequential Number-INACTIVE,0,OTHER PRODUCTS/SERVICES-INACTIVE:Label - Bulk Sequential Number,False,1,Each,,"[{'id': 43793, 'on_hand': '0', 'available': '0', 'committed': '0', 'backorderable': False, 'stock_location_name': 'Big Spoon Roasters Production Facility'}]",0,
203495A,0,OTHER PRODUCTS/SERVICES-INACTIVE:Box - Cherry Pecan 12-Pack,False,1,Each,,"[{'id': 43794, 'on_hand': '0', 'available': '0', 'committed': '0', 'backorderable': False, 'stock_location_name': 'Big Spoon Roasters Production Facility'}]",0,
1012-300-001-100,0,OTHER PRODUCTS/SERVICES-INACTIVE:Packaging - Foil Pouch,False,1,Each,,"[{'id': 43795, 'on_hand': '0', 'available': '0', 'committed': '0', 'backorderable': False, 'stock_location_name': 'Big Spoon Roasters Production Facility'}]",0,
L-FRENCH-BAR-INACTIVE,0,"OTHER PRODUCTS/SERVICES-INACTIVE:Label - French Ingredient, Bar",False,1,Each,,"[{'id': 43796, 'on_hand': '0', 'available': '0', 'committed': '0', 'backorderable': False, 'stock_location_name': 'Big Spoon Roasters Production Facility'}]",0,
L-FRENCH-JAR-INACTIVE,0,"OTHER PRODUCTS/SERVICES-INACTIVE:Label - French Ingredient, Butter",False,1,Each,,"[{'id': 43797, 'on_hand': '0', 'available': '0', 'committed': '0', 'backorderable': False, 'stock_location_name': 'Big Spoon Roasters Production Facility'}]",0,
JAR-4OZ-INACTIVE,0.21,OTHER PRODUCTS/SERVICES-INACTIVE:Jar - 4oz with Lid,False,1,Each,,"[{'id': 43798, 'on_hand': '0', 'available': '0', 'committed': '0', 'backorderable': False, 'stock_location_name': 'Big Spoon Roasters Production Facility'}]",0,
G10-70-450BIGSPOON01-28-INACTIVE,0.27,OTHER PRODUCTS/SERVICES-INACTIVE:Jar - Custom 10oz,False,1,Each,,"[{'id': 43799, 'on_hand': '0', 'available': '0', 'committed': '0', 'backorderable': False, 'stock_location_name': 'Big Spoon Roasters Production Facility'}]",0,
WT142989CF-INACTIVE,0,OTHER PRODUCTS/SERVICES-INACTIVE:Label - Jacobson Peanut Hazelnut,False,1,Each,,"[{'id': 43800, 'on_hand': '0', 'available': '0', 'committed': '0', 'backorderable': False, 'stock_location_name': 'Big Spoon Roasters Production Facility'}]",0,
WT142983CF,0,OTHER PRODUCTS/SERVICES-INACTIVE:Label - Jacobson Peanut,False,1,Each,,"[{'id': 43801, 'on_hand': '0', 'available': '0', 'committed': '0', 'backorderable': False, 'stock_location_name': 'Big Spoon Roasters Production Facility'}]",0,
C70G-450GGMLP-5-INACTIVE,0.11,"OTHER PRODUCTS/SERVICES-INACTIVE:Lid - 13oz Jar, Gold",False,1,Each,,"[{'id': 43802, 'on_hand': '0', 'available': '0', 'committed': '0', 'backorderable': False, 'stock_location_name': 'Big Spoon Roasters Production Facility'}]",0,
WT139740CF-INACTIVE,0.13,"OTHER PRODUCTS/SERVICES-INACTIVE:Label - ACT, 10oz",False,1,Each,,"[{'id': 43803, 'on_hand': '0', 'available': '0', 'committed': '0', 'backorderable': False, 'stock_location_name': 'Big Spoon Roasters Production Facility'}]",0,
WT119593CF-INACTIVE,0,"OTHER PRODUCTS/SERVICES-INACTIVE:Label - AGIN, 10oz",False,1,Each,,"[{'id': 43804, 'on_hand': '0', 'available': '0', 'committed': '0', 'backorderable': False, 'stock_location_name': 'Big Spoon Roasters Production Facility'}]",0,
WT119600CF-INACTIVE,0,"OTHER PRODUCTS/SERVICES-INACTIVE:Label - ALM, 10oz",False,1,Each,,"[{'id': 43805, 'on_hand': '0', 'available': '0', 'committed': '0', 'backorderable': False, 'stock_location_name': 'Big Spoon Roasters Production Facility'}]",0,
WT119596CF-INACTIVE,0.13,"OTHER PRODUCTS/SERVICES-INACTIVE:Label - CHAI, 10oz",False,1,Each,,"[{'id': 43806, 'on_hand': '0', 'available': '0', 'committed': '0', 'backorderable': False, 'stock_location_name': 'Big Spoon Roasters Production Facility'}]",0,
WT119606CF-INACTIVE,0.07,OTHER PRODUCTS/SERVICES-INACTIVE:Label - Lid Topper Tamper Stamp,False,1,Each,,"[{'id': 43807, 'on_hand': '0', 'available': '0', 'committed': '0', 'backorderable': False, 'stock_location_name': 'Big Spoon Roasters Production Facility'}]",0,
WT145501CF-INACTIVE,0,"OTHER PRODUCTS/SERVICES-INACTIVE:Label - MPC, 10oz",False,1,Each,,"[{'id': 43808, 'on_hand': '0', 'available': '0', 'committed': '0', 'backorderable': False, 'stock_location_name': 'Big Spoon Roasters Production Facility'}]",0,
L-PCASH-10OZ-INACTIVE,0.17,"OTHER PRODUCTS/SERVICES-INACTIVE:Label - PCASH, 10oz",False,1,Each,,"[{'id': 43809, 'on_hand': '0', 'available': '0', 'committed': '0', 'backorderable': False, 'stock_location_name': 'Big Spoon Roasters Production Facility'}]",0,
WT119604CF-INACTIVE,0.17,"OTHER PRODUCTS/SERVICES-INACTIVE:Label - PCO, 10oz",False,1,Each,,"[{'id': 43810, 'on_hand': '0', 'available': '0', 'committed': '0', 'backorderable': False, 'stock_location_name': 'Big Spoon Roasters Production Facility'}]",0,
WT119601CF-INACTIVE,0.17,"OTHER PRODUCTS/SERVICES-INACTIVE:Label - PNUT, 10oz",False,1,Each,,"[{'id': 43811, 'on_hand': '0', 'available': '0', 'committed': '0', 'backorderable': False, 'stock_location_name': 'Big Spoon Roasters Production Facility'}]",0,
WT119605CF-INACTIVE,0.17,"OTHER PRODUCTS/SERVICES-INACTIVE:Label - PPEC, 10oz",False,1,Each,,"[{'id': 43812, 'on_hand': '0', 'available': '0', 'committed': '0', 'backorderable': False, 'stock_location_name': 'Big Spoon Roasters Production Facility'}]",0,
WT147099CF-INACTIVE,0,"OTHER PRODUCTS/SERVICES-INACTIVE:Label - TIGERWALK, 10oz",False,1,Each,,"[{'id': 43813, 'on_hand': '0', 'available': '0', 'committed': '0', 'backorderable': False, 'stock_location_name': 'Big Spoon Roasters Production Facility'}]",0,
SIGN-BIGPRAISE,0,OTHER PRODUCTS/SERVICES-INACTIVE:Each,False,1,Each,,"[{'id': 43814, 'on_hand': '0', 'available': '0', 'committed': '0', 'backorderable': False, 'stock_location_name': 'Big Spoon Roasters Production Facility'}]",0,
WT119602CF-INACTIVE,0.17,"OTHER PRODUCTS/SERVICES-INACTIVE:Label - PA, 10oz",False,1,Each,,"[{'id': 44480, 'on_hand': '0', 'available': '0', 'committed': '0', 'backorderable': True, 'stock_location_name': 'Big Spoon Roasters Production Facility'}]",0,
LABEL-ACO-10OZ-INACTIVE,0.13,"OTHER PRODUCTS/SERVICES-INACTIVE:Label - ACO, 10oz",False,1,Each,,"[{'id': 44889, 'on_hand': '0', 'available': '0', 'committed': '0', 'backorderable': False, 'stock_location_name': 'Big Spoon Roasters Production Facility'}]",0,
LABEL-3OZ-LID-INACTIVE,0,OTHER PRODUCTS/SERVICES-INACTIVE:LABEL-3OZ-LID,False,1,Each,,"[{'id': 44890, 'on_hand': '0', 'available': '0', 'committed': '0', 'backorderable': False, 'stock_location_name': 'Big Spoon Roasters Production Facility'}]",0,
LABEL-3OZ-PNUT-INACTIVE,0.16,"OTHER PRODUCTS/SERVICES-INACTIVE:Label - Peanut, 3 oz",False,1,Each,,"[{'id': 44891, 'on_hand': '0', 'available': '0', 'committed': '0', 'backorderable': False, 'stock_location_name': 'Big Spoon Roasters Production Facility'}]",0,
BOX-2PK-JCB-INACTIVE,0,OTHER PRODUCTS/SERVICES-INACTIVE:Box - BOX-2PK-JCB,False,1,Each,,"[{'id': 44893, 'on_hand': '0', 'available': '0', 'committed': '0', 'backorderable': False, 'stock_location_name': 'Big Spoon Roasters Production Facility'}]",0,
25488-INACTIVE,0.09,OTHER PRODUCTS/SERVICES-INACTIVE:Label - Rollstock - AP,False,1,Each,,"[{'id': 48713, 'on_hand': '0', 'available': '0', 'committed': '0', 'backorderable': False, 'stock_location_name': 'Big Spoon Roasters Production Facility'}]",0,
25490-INACTIVE,0.09,OTHER PRODUCTS/SERVICES-INACTIVE:Label - Rollstock - CP,False,1,Each,,"[{'id': 48714, 'on_hand': '0', 'available': '0', 'committed': '0', 'backorderable': False, 'stock_location_name': 'Big Spoon Roasters Production Facility'}]",0,
25492-INACTIVE,0.09,OTHER PRODUCTS/SERVICES-INACTIVE:Label - Rollstock - CC,False,1,Each,,"[{'id': 48715, 'on_hand': '0', 'available': '0', 'committed': '0', 'backorderable': False, 'stock_location_name': 'Big Spoon Roasters Production Facility'}]",0,
25494-INACTIVE,0.09,OTHER PRODUCTS/SERVICES-INACTIVE:Label - Rollstock - FC,False,1,Each,,"[{'id': 48716, 'on_hand': '0', 'available': '0', 'committed': '0', 'backorderable': False, 'stock_location_name': 'Big Spoon Roasters Production Facility'}]",0,
WT149183CF-INACTIVE,0.04,OTHER PRODUCTS/SERVICES-INACTIVE:Label - Bar Box - AP,False,1,Each,,"[{'id': 48717, 'on_hand': '0', 'available': '0', 'committed': '0', 'backorderable': False, 'stock_location_name': 'Big Spoon Roasters Production Facility'}]",0,
WT149184CF-INACTIVE,0.04,OTHER PRODUCTS/SERVICES-INACTIVE:Label - Bar Box - CP,False,1,Each,,"[{'id': 48718, 'on_hand': '0', 'available': '0', 'committed': '0', 'backorderable': False, 'stock_location_name': 'Big Spoon Roasters Production Facility'}]",0,
WT149187CF-INACTIVE,0.04,OTHER PRODUCTS/SERVICES-INACTIVE:Label - Bar Box - CC,False,1,Each,,"[{'id': 48719, 'on_hand': '0', 'available': '0', 'committed': '0', 'backorderable': False, 'stock_location_name': 'Big Spoon Roasters Production Facility'}]",0,
WT149189CF-INACTIVE,0,OTHER PRODUCTS/SERVICES-INACTIVE:Label - Bar Box - FC,False,1,Each,,"[{'id': 48720, 'on_hand': '0', 'available': '0', 'committed': '0', 'backorderable': False, 'stock_location_name': 'Big Spoon Roasters Production Facility'}]",0,
BARBOX-INACTIVE,0,OTHER PRODUCTS/SERVICES-INACTIVE:Box - Bar Box,False,1,Each,,"[{'id': 48721, 'on_hand': '0', 'available': '0', 'committed': '0', 'backorderable': False, 'stock_location_name': 'Big Spoon Roasters Production Facility'}]",0,
LABEL-HOTP-10OZ-INACTIVE,0.13,"OTHER PRODUCTS/SERVICES-INACTIVE:Label - HOT, 10oz",False,1,Each,,"[{'id': 49163, 'on_hand': '0', 'available': '0', 'committed': '0', 'backorderable': False, 'stock_location_name': 'Big Spoon Roasters Production Facility'}]",0,
FREIGHT,0,OTHER PRODUCTS/SERVICES-INACTIVE:Service - Shipping Charge,False,1,Each,,"[{'id': 52150, 'on_hand': '0', 'available': '0', 'committed': '0', 'backorderable': False, 'stock_location_name': 'Big Spoon Roasters Production Facility'}]",0,
FEE,0,OTHER PRODUCTS/SERVICES-INACTIVE:Service - Delivery Fee,False,1,,,"[{'id': 53891, 'on_hand': '0', 'available': '-1', 'committed': '1', 'backorderable': True, 'stock_location_name': 'Big Spoon Roasters Production Facility'}]",0,
WT154673CF-INACTIVE,0,"OTHER PRODUCTS/SERVICES-INACTIVE:Label - Peanut Butter, 13oz",False,1,Each,,"[{'id': 63664, 'on_hand': '0', 'available': '0', 'committed': '0', 'backorderable': False, 'stock_location_name': 'Big Spoon Roasters Production Facility'}]",0,
WT154684CF-INACTIVE,0.17,"OTHER PRODUCTS/SERVICES-INACTIVE:Label - Peanut Pecan, 13oz",False,1,Each,,"[{'id': 63665, 'on_hand': '0', 'available': '0', 'committed': '0', 'backorderable': False, 'stock_location_name': 'Big Spoon Roasters Production Facility'}]",0,
WT154680CF-INACTIVE,0.17,"OTHER PRODUCTS/SERVICES-INACTIVE:Label - Hot Mamba, 13oz",False,1,Each,,"[{'id': 63666, 'on_hand': '0', 'available': '0', 'committed': '0', 'backorderable': False, 'stock_location_name': 'Big Spoon Roasters Production Facility'}]",0,
WT154681CF-INACTIVE,0.17,"OTHER PRODUCTS/SERVICES-INACTIVE:Label - Chai Spice, 13oz",False,1,Each,,"[{'id': 63667, 'on_hand': '0', 'available': '0', 'committed': '0', 'backorderable': False, 'stock_location_name': 'Big Spoon Roasters Production Facility'}]",0,
WT154679CF-INACTIVE,0.17,"OTHER PRODUCTS/SERVICES-INACTIVE:Label - Maple Cinnamon, 13 oz",False,1,Each,,"[{'id': 63668, 'on_hand': '0', 'available': '0', 'committed': '0', 'backorderable': False, 'stock_location_name': 'Big Spoon Roasters Production Facility'}]",0,
WT154676CF-INACTIVE,0.17,"OTHER PRODUCTS/SERVICES-INACTIVE:Label - Cashew Butter, 13 oz",False,1,Each,,"[{'id': 63669, 'on_hand': '0', 'available': '0', 'committed': '0', 'backorderable': False, 'stock_location_name': 'Big Spoon Roasters Production Facility'}]",0,
WT154682CF-INACTIVE,0.17,"OTHER PRODUCTS/SERVICES-INACTIVE:Label - Espresso GGET, 13 oz",False,1,Each,,"[{'id': 63670, 'on_hand': '0', 'available': '0', 'committed': '0', 'backorderable': False, 'stock_location_name': 'Big Spoon Roasters Production Facility'}]",0,
WT154674CF-INACTIVE,0.17,"OTHER PRODUCTS/SERVICES-INACTIVE:Label - Almond Butter, 13 oz",False,1,Each,,"[{'id': 63671, 'on_hand': '0', 'available': '0', 'committed': '0', 'backorderable': False, 'stock_location_name': 'Big Spoon Roasters Production Facility'}]",0,
WT154683CF-INACTIVE,0.17,"OTHER PRODUCTS/SERVICES-INACTIVE:Label - Toasted Coconut, 13 oz",False,1,Each,,"[{'id': 63672, 'on_hand': '0', 'available': '0', 'committed': '0', 'backorderable': False, 'stock_location_name': 'Big Spoon Roasters Production Facility'}]",0,
WT154678CF-INACTIVE,0.17,"OTHER PRODUCTS/SERVICES-INACTIVE:Label - Chocolate Sea Salt, 13 oz",False,1,Each,,"[{'id': 63673, 'on_hand': '0', 'available': '0', 'committed': '0', 'backorderable': False, 'stock_location_name': 'Big Spoon Roasters Production Facility'}]",0,
WT154677CF-INACTIVE,0.17,"OTHER PRODUCTS/SERVICES-INACTIVE:Label - Fiji Ginger, 13 oz",False,1,Each,,"[{'id': 63674, 'on_hand': '0', 'available': '0', 'committed': '0', 'backorderable': False, 'stock_location_name': 'Big Spoon Roasters Production Facility'}]",0,
LABEL-VPACK-NB-3OZ-INACTIVE,0.44,OTHER PRODUCTS/SERVICES-INACTIVE:LABEL-VPACK-NB-3OZ,False,1,,,"[{'id': 63749, 'on_hand': '0', 'available': '0', 'committed': '0', 'backorderable': False, 'stock_location_name': 'Big Spoon Roasters Production Facility'}]",0,
Jar-13 oz 70/450-INACTIVE,0.28,OTHER PRODUCTS/SERVICES-INACTIVE:Jar - 13oz,False,1,,,"[{'id': 63794, 'on_hand': '0', 'available': '0', 'committed': '0', 'backorderable': False, 'stock_location_name': 'Big Spoon Roasters Production Facility'}]",0,
BOX-2PK-4PK-INACTIVE,0,OTHER PRODUCTS/SERVICES-INACTIVE:BOX-2PK-4PK,False,1,,,"[{'id': 64426, 'on_hand': '0', 'available': '0', 'committed': '0', 'backorderable': False, 'stock_location_name': 'Big Spoon Roasters Production Facility'}]",0,
LABEL-MPC-3OZ-INACTIVE,0.16,"OTHER PRODUCTS/SERVICES-INACTIVE:Label - Maple Cinnamon, 3 oz",False,1,,,"[{'id': 64427, 'on_hand': '0', 'available': '0', 'committed': '0', 'backorderable': False, 'stock_location_name': 'Big Spoon Roasters Production Facility'}]",0,
WT156083CF-INACTIVE,0.16,"OTHER PRODUCTS/SERVICES-INACTIVE:Label - Fiji Ginger, 3 oz",False,1,,,"[{'id': 64428, 'on_hand': '0', 'available': '0', 'committed': '0', 'backorderable': False, 'stock_location_name': 'Big Spoon Roasters Production Facility'}]",0,
LABEL-CHAI-3OZ-INACTIVE,0.16,"OTHER PRODUCTS/SERVICES-INACTIVE:Label - Chai Spice, 3 oz",False,1,,,"[{'id': 64429, 'on_hand': '0', 'available': '0', 'committed': '0', 'backorderable': False, 'stock_location_name': 'Big Spoon Roasters Production Facility'}]",0,
LABEL-1PACK-ACT-INACTIVE,0.13,OTHER PRODUCTS/SERVICES-INACTIVE:Label - Amazon - 1Pack ACT,False,1,,,"[{'id': 64452, 'on_hand': '0', 'available': '0', 'committed': '0', 'backorderable': False, 'stock_location_name': 'Big Spoon Roasters Production Facility'}]",0,
LABEL-1PACK-AGIN-INACTIVE,0.13,OTHER PRODUCTS/SERVICES-INACTIVE:Label - Amazon - 1Pack AGIN,False,1,,,"[{'id': 64453, 'on_hand': '0', 'available': '0', 'committed': '0', 'backorderable': False, 'stock_location_name': 'Big Spoon Roasters Production Facility'}]",0,
LABEL-1PACK-ALM-INACTIVE,0.13,OTHER PRODUCTS/SERVICES-INACTIVE:Label - Amazon - 1Pack ALM,False,1,,,"[{'id': 64454, 'on_hand': '0', 'available': '0', 'committed': '0', 'backorderable': False, 'stock_location_name': 'Big Spoon Roasters Production Facility'}]",0,
LABEL-1PACK-CHAI-INACTIVE,0.13,OTHER PRODUCTS/SERVICES-INACTIVE:Label - Amazon - 1Pack CHAI,False,1,,,"[{'id': 64455, 'on_hand': '0', 'available': '0', 'committed': '0', 'backorderable': False, 'stock_location_name': 'Big Spoon Roasters Production Facility'}]",0,
LABEL-1PACK-HOT-INACTIVE,0.13,OTHER PRODUCTS/SERVICES-INACTIVE:Label - Amazon - 1Pack HOT,False,1,,,"[{'id': 64456, 'on_hand': '0', 'available': '0', 'committed': '0', 'backorderable': False, 'stock_location_name': 'Big Spoon Roasters Production Facility'}]",0,
LABEL-1PACK-MPC-INACTIVE,0.13,OTHER PRODUCTS/SERVICES-INACTIVE:Label - Amazon - 1Pack MPC,False,1,,,"[{'id': 64457, 'on_hand': '0', 'available': '0', 'committed': '0', 'backorderable': False, 'stock_location_name': 'Big Spoon Roasters Production Facility'}]",0,
LABEL-1PACK-PNUT-INACTIVE,0.13,OTHER PRODUCTS/SERVICES-INACTIVE:Label - Amazon - 1Pack PNUT,False,1,,,"[{'id': 64458, 'on_hand': '0', 'available': '0', 'committed': '0', 'backorderable': False, 'stock_location_name': 'Big Spoon Roasters Production Facility'}]",0,
LABEL-1PACK-PPEC-INACTIVE,0.13,OTHER PRODUCTS/SERVICES-INACTIVE:Label - Amazon - 1Pack PPEC,False,1,,,"[{'id': 64459, 'on_hand': '0', 'available': '0', 'committed': '0', 'backorderable': False, 'stock_location_name': 'Big Spoon Roasters Production Facility'}]",0,
LABEL-2PACK-ACT-INACTIVE,0.13,OTHER PRODUCTS/SERVICES-INACTIVE:Label - Amazon - 2Pack ACT,False,1,,,"[{'id': 64460, 'on_hand': '0', 'available': '0', 'committed': '0', 'backorderable': False, 'stock_location_name': 'Big Spoon Roasters Production Facility'}]",0,
LABEL-2PACK-AGIN-INACTIVE,0.13,OTHER PRODUCTS/SERVICES-INACTIVE:Label - Amazon - 2Pack AGIN,False,1,,,"[{'id': 64461, 'on_hand': '0', 'available': '0', 'committed': '0', 'backorderable': False, 'stock_location_name': 'Big Spoon Roasters Production Facility'}]",0,
LABEL-2PACK-ALM-INACTIVE,0.13,OTHER PRODUCTS/SERVICES-INACTIVE:Label - Amazon - 2Pack ALM,False,1,,,"[{'id': 64462, 'on_hand': '0', 'available': '0', 'committed': '0', 'backorderable': False, 'stock_location_name': 'Big Spoon Roasters Production Facility'}]",0,
LABEL-2PACK-CHAI-INACTIVE,0.13,OTHER PRODUCTS/SERVICES-INACTIVE:Label - Amazon - 2Pack CHAI,False,1,,,"[{'id': 64463, 'on_hand': '0', 'available': '0', 'committed': '0', 'backorderable': False, 'stock_location_name': 'Big Spoon Roasters Production Facility'}]",0,
LABEL-2PACK-HOT-INACTIVE,0.13,OTHER PRODUCTS/SERVICES-INACTIVE:Label - Amazon - 2Pack HOT,False,1,,,"[{'id': 64464, 'on_hand': '0', 'available': '0', 'committed': '0', 'backorderable': False, 'stock_location_name': 'Big Spoon Roasters Production Facility'}]",0,
LABEL-2PACK-MPC-INACTIVE,0.13,OTHER PRODUCTS/SERVICES-INACTIVE:Label - Amazon - 2Pack MPC,False,1,,,"[{'id': 64465, 'on_hand': '0', 'available': '0', 'committed': '0', 'backorderable': False, 'stock_location_name': 'Big Spoon Roasters Production Facility'}]",0,
LABEL-2PACK-PNUT-INACTIVE,0.13,OTHER PRODUCTS/SERVICES-INACTIVE:Label - Amazon - 2Pack PNUT,False,1,,,"[{'id': 64466, 'on_hand': '0', 'available': '0', 'committed': '0', 'backorderable': False, 'stock_location_name': 'Big Spoon Roasters Production Facility'}]",0,
LABEL-2PACK-PPEC-INACTIVE,0.13,OTHER PRODUCTS/SERVICES-INACTIVE:Label - Amazon - 2Pack PPEC,False,1,,,"[{'id': 64467, 'on_hand': '0', 'available': '0', 'committed': '0', 'backorderable': False, 'stock_location_name': 'Big Spoon Roasters Production Facility'}]",0,
LABEL-1-PACK-ACO-INACTIVE,0.13,OTHER PRODUCTS/SERVICES-INACTIVE:Label - Amazon - 1Pack ACO,False,1,,,"[{'id': 64486, 'on_hand': '0', 'available': '0', 'committed': '0', 'backorderable': False, 'stock_location_name': 'Big Spoon Roasters Production Facility'}]",0,
LABEL-2PACK-ACO-INACTIVE,0.13,OTHER PRODUCTS/SERVICES-INACTIVE:Label - Amazon - 2Pack ACO,False,1,,,"[{'id': 64487, 'on_hand': '0', 'available': '0', 'committed': '0', 'backorderable': False, 'stock_location_name': 'Big Spoon Roasters Production Facility'}]",0,
LABEL-1PACK-ESP-INACTIVE,0.13,OTHER PRODUCTS/SERVICES-INACTIVE:Label - Amazon - 1Pack ESP,False,1,,,"[{'id': 197086, 'on_hand': '0', 'available': '0', 'committed': '0', 'backorderable': False, 'stock_location_name': 'Big Spoon Roasters Production Facility'}]",0,
LABEL-2PACK-ESP-INACTIVE,0.13,OTHER PRODUCTS/SERVICES-INACTIVE:Label - Amazon - 2Pack ESP,False,1,,,"[{'id': 197087, 'on_hand': '0', 'available': '0', 'committed': '0', 'backorderable': False, 'stock_location_name': 'Big Spoon Roasters Production Facility'}]",0,
MKT,0,Marketing Materials,True,1,,,"[{'id': 45163, 'on_hand': '0', 'available': '0', 'committed': '0', 'backorderable': False, 'stock_location_name': 'Big Spoon Roasters Production Facility'}]",0,
MKT-SIGN-BUTTERS,0,Marketing Materials:2x5 Shelf Talker - Butters,True,1,Each,,"[{'id': 45164, 'on_hand': '562', 'available': '562', 'committed': '0', 'backorderable': False, 'stock_location_name': 'Big Spoon Roasters Production Facility'}]",0,
MKT-SIGN-BARS,0,Marketing Materials:2x5 Shelf Talker - Bars,True,1,Each,,"[{'id': 45165, 'on_hand': '318', 'available': '318', 'committed': '0', 'backorderable': False, 'stock_location_name': 'Big Spoon Roasters Production Facility'}]",0,
SHELF DISPLAYS - Foam,0,Marketing Materials:Each,False,1,Each,,"[{'id': 45166, 'on_hand': '0', 'available': '0', 'committed': '0', 'backorderable': False, 'stock_location_name': 'Big Spoon Roasters Production Facility'}]",0,
MKT-SIGN-LOGO-TIN,0,Marketing Materials:Large Tin Logo Sign,True,1,Each,,"[{'id': 52276, 'on_hand': '5', 'available': '5', 'committed': '0', 'backorderable': True, 'stock_location_name': 'Big Spoon Roasters Production Facility'}]",0,
MKT-SIGN-BIGPRAISE,0,Marketing Materials:Large Big Praise Foamboard Sign,True,1,Each,,"[{'id': 52277, 'on_hand': '0', 'available': '0', 'committed': '0', 'backorderable': True, 'stock_location_name': 'Big Spoon Roasters Production Facility'}]",0,
MKT-SIGN-ABOUTUS,0,Marketing Materials:About BSR Card,True,1,Each,,"[{'id': 199034, 'on_hand': '2531', 'available': '2531', 'committed': '0', 'backorderable': False, 'stock_location_name': 'Big Spoon Roasters Production Facility'}]",0,
MKT-STICKERS-LOGO,0,Marketing Materials:Stickers - Logo,True,1,Each,,"[{'id': 201094, 'on_hand': '1183', 'available': '1183', 'committed': '0', 'backorderable': False, 'stock_location_name': 'Big Spoon Roasters Production Facility'}]",0,
MKT-SIGN-LOGO-FOAM,0,Marketing Materials:Logo Foam Sign,True,1,Each,,"[{'id': 201095, 'on_hand': '9', 'available': '9', 'committed': '0', 'backorderable': False, 'stock_location_name': 'Big Spoon Roasters Production Facility'}]",0,
MKT-SIGN-CHECKLIST,0,Marketing Materials:Checklist Card,True,1,Each,,"[{'id': 201169, 'on_hand': '0', 'available': '0', 'committed': '0', 'backorderable': False, 'stock_location_name': 'Big Spoon Roasters Production Facility'}]",0,
MKT-MAT-CARDS,0.2664,Marketing Materials:BSR Business Cards,True,1,Each,,"[{'id': 201597, 'on_hand': '0', 'available': '0', 'committed': '0', 'backorderable': False, 'stock_location_name': 'Big Spoon Roasters Production Facility'}]",0,
MKT-MAT-GIFT,0.29938,Marketing Materials:Gift Note Card,True,1,Each,,"[{'id': 208040, 'on_hand': '0', 'available': '0', 'committed': '0', 'backorderable': False, 'stock_location_name': 'Big Spoon Roasters Production Facility'}]",0,
MKT-STICKERS-OCTO,0.1625,Marketing Materials:Stickers - Octopus,True,1,Each,,"[{'id': 208262, 'on_hand': '0', 'available': '0', 'committed': '0', 'backorderable': False, 'stock_location_name': 'Big Spoon Roasters Production Facility'}]",0,
MKT-STICKERS-BEAR,0.1625,Marketing Materials:Stickers - Bear,True,1,Each,,"[{'id': 208263, 'on_hand': '0', 'available': '0', 'committed': '0', 'backorderable': False, 'stock_location_name': 'Big Spoon Roasters Production Facility'}]",0,
MERCH-CYL-CAP,11.56,Cycling Cap,True,1,Each,,"[{'id': 198294, 'on_hand': '44', 'available': '44', 'committed': '0', 'backorderable': True, 'stock_location_name': 'Big Spoon Roasters Production Facility'}]",0,
MERCH-T-PNUT,0,2018 BSR T-shirt - Peanut Plant,True,1,Each,,"[{'id': 198366, 'on_hand': '0', 'available': '0', 'committed': '0', 'backorderable': False, 'stock_location_name': 'Big Spoon Roasters Production Facility'}]",0,
MERCH-T-PNUT-U-XL,8.19,2018 BSR T-shirt - Peanut Plant:Unisex XL,True,1,Each,,"[{'id': 198371, 'on_hand': '4', 'available': '4', 'committed': '0', 'backorderable': True, 'stock_location_name': 'Big Spoon Roasters Production Facility'}]",0,
MERCH-T-PNUT-U-L,8.19,2018 BSR T-shirt - Peanut Plant:Unisex Large,True,1,Each,,"[{'id': 198372, 'on_hand': '0', 'available': '0', 'committed': '0', 'backorderable': True, 'stock_location_name': 'Big Spoon Roasters Production Facility'}]",0,
MERCH-T-PNUT-U-M,8.19,2018 BSR T-shirt - Peanut Plant:Unisex Medium,True,1,Each,,"[{'id': 198373, 'on_hand': '0', 'available': '0', 'committed': '0', 'backorderable': True, 'stock_location_name': 'Big Spoon Roasters Production Facility'}]",0,
MERCH-T-PNUT-U-S,8.19,2018 BSR T-shirt - Peanut Plant:Unisex Small,True,1,Each,,"[{'id': 198374, 'on_hand': '0', 'available': '0', 'committed': '0', 'backorderable': True, 'stock_location_name': 'Big Spoon Roasters Production Facility'}]",0,
MERCH-T-PNUT-W-XL,7.39,2018 BSR T-shirt - Peanut Plant:Women's XL,True,1,Each,,"[{'id': 198375, 'on_hand': '9', 'available': '9', 'committed': '0', 'backorderable': True, 'stock_location_name': 'Big Spoon Roasters Production Facility'}]",0,
MERCH-T-PNUT-W-L,7.39,2018 BSR T-shirt - Peanut Plant:Women's Large,True,1,Each,,"[{'id': 198376, 'on_hand': '14', 'available': '14', 'committed': '0', 'backorderable': True, 'stock_location_name': 'Big Spoon Roasters Production Facility'}]",0,
MERCH-T-PNUT-W-M,7.39,2018 BSR T-shirt - Peanut Plant:Women's Medium,True,1,Each,,"[{'id': 198377, 'on_hand': '11', 'available': '11', 'committed': '0', 'backorderable': True, 'stock_location_name': 'Big Spoon Roasters Production Facility'}]",0,
MERCH-T-PNUT-W-S,7.39,2018 BSR T-shirt - Peanut Plant:Women's Small,True,1,Each,,"[{'id': 198378, 'on_hand': '6', 'available': '6', 'committed': '0', 'backorderable': True, 'stock_location_name': 'Big Spoon Roasters Production Facility'}]",0,
MERCH-SILV-SPOON,7.29,Silver-plated Big Spoon,True,1,Each,,"[{'id': 198379, 'on_hand': '12', 'available': '12', 'committed': '0', 'backorderable': True, 'stock_location_name': 'Big Spoon Roasters Production Facility'}]",0,
SJD1706,7.54,Ancho Chiles,True,1,10 lb,,"[{'id': 198382, 'on_hand': '20.75452', 'available': '20.75452', 'committed': '0', 'backorderable': False, 'stock_location_name': 'Big Spoon Roasters Production Facility'}]",1,lb
255,1.5,Apricots - Diced,True,1,28 lb,,"[{'id': 198387, 'on_hand': '224.34', 'available': '224.34', 'committed': '0', 'backorderable': False, 'stock_location_name': 'Big Spoon Roasters Production Facility'}]",1,lb
12116120,3.85,Cashews - Organic,True,1,50 lb,,"[{'id': 198388, 'on_hand': '563.9', 'available': '563.9', 'committed': '0', 'backorderable': False, 'stock_location_name': 'Big Spoon Roasters Production Facility'}]",1,lb
001A,14.24,Chai Spice Mix,True,1,25 lb,,"[{'id': 198389, 'on_hand': '103.89587', 'available': '103.89587', 'committed': '0', 'backorderable': False, 'stock_location_name': 'Big Spoon Roasters Production Facility'}]",1,lb
CHSPO12010Z,5.7,Cherries,True,1,10 lb,,"[{'id': 198390, 'on_hand': '380.36823', 'available': '380.36823', 'committed': '0', 'backorderable': False, 'stock_location_name': 'Big Spoon Roasters Production Facility'}]",1,lb
1086,3.15,Almonds,True,1,50 lb,,"[{'id': 198391, 'on_hand': '5858.7', 'available': '5858.7', 'committed': '0', 'backorderable': False, 'stock_location_name': 'Big Spoon Roasters Production Facility'}]",1,lb
345037P,10.29,Chocolate - 81%,True,1,6.6 lb,,"[{'id': 198392, 'on_hand': '97.51914', 'available': '97.51914', 'committed': '0', 'backorderable': False, 'stock_location_name': 'Big Spoon Roasters Production Facility'}]",1,lb
990042,8.55,Coconut Oil,True,1,2 lb,,"[{'id': 198393, 'on_hand': '34.77344', 'available': '34.77344', 'committed': '0', 'backorderable': False, 'stock_location_name': 'Big Spoon Roasters Production Facility'}]",1,lb
250220,2.34,Grapeseed Oil,True,1,10.57 lb,,"[{'id': 198394, 'on_hand': '2', 'available': '2', 'committed': '0', 'backorderable': False, 'stock_location_name': 'Big Spoon Roasters Production Facility'}]",1,lb
181242,1.79,Oats - Gluten Free,True,1,50 lb,,"[{'id': 198395, 'on_hand': '180.992', 'available': '180.992', 'committed': '0', 'backorderable': False, 'stock_location_name': 'Big Spoon Roasters Production Facility'}]",1,
NSSU155,0.192,Sugar - Raw,True,1,25 lb,,"[{'id': 198396, 'on_hand': '250', 'available': '250', 'committed': '0', 'backorderable': False, 'stock_location_name': 'Big Spoon Roasters Production Facility'}]",1,lb
I-ESP-GGET,8.65,Espresso - Go Get'em Tiger,True,1,5 lb,,"[{'id': 198397, 'on_hand': '25', 'available': '25', 'committed': '0', 'backorderable': False, 'stock_location_name': 'Big Spoon Roasters Production Facility'}]",1,lb
I-ESP-TWALK,10.35,Espresso - Tigerwalk,True,1,5 lb,,"[{'id': 198398, 'on_hand': '4.92', 'available': '4.92', 'committed': '0', 'backorderable': False, 'stock_location_name': 'Big Spoon Roasters Production Facility'}]",1,lb
20144,6.39,Ginger - Chips,True,1,,,"[{'id': 198399, 'on_hand': '1316.576', 'available': '1316.576', 'committed': '0', 'backorderable': False, 'stock_location_name': 'Big Spoon Roasters Production Facility'}]",1,lb
93040O,6.5,Maple Sugar,True,1,40 lb,,"[{'id': 198400, 'on_hand': '135.148', 'available': '135.148', 'committed': '0', 'backorderable': False, 'stock_location_name': 'Big Spoon Roasters Production Facility'}]",1,lb
91040O,6.5,Maple Powder,True,1,40 lb,,"[{'id': 198401, 'on_hand': '5.56', 'available': '5.56', 'committed': '0', 'backorderable': False, 'stock_location_name': 'Big Spoon Roasters Production Facility'}]",1,lb
12128220,1.88,Coconut - Unsweetened,True,1,20 lb,,"[{'id': 198402, 'on_hand': '49.64', 'available': '49.64', 'committed': '0', 'backorderable': False, 'stock_location_name': 'Big Spoon Roasters Production Facility'}]",1,lb
MORSEL-5KG,11.36,Chocolate - Morsels,True,1,11.02 lb,,"[{'id': 198404, 'on_hand': '100.2109', 'available': '100.2109', 'committed': '0', 'backorderable': False, 'stock_location_name': 'Big Spoon Roasters Production Facility'}]",1,lb
CRNGDO12025U,2.65,Cranberries,True,1,25 lb,,"[{'id': 198406, 'on_hand': '224.488', 'available': '224.488', 'committed': '0', 'backorderable': False, 'stock_location_name': 'Big Spoon Roasters Production Facility'}]",1,lb
No. 070,1.9,Figs - Diced,True,1,22 lb,,"[{'id': 198407, 'on_hand': '466.1268', 'available': '466.1268', 'committed': '0', 'backorderable': False, 'stock_location_name': 'Big Spoon Roasters Production Facility'}]",1,lb
30073,6.25,Hazelnuts,True,1,25 lb,,"[{'id': 198408, 'on_hand': '0', 'available': '0', 'committed': '0', 'backorderable': False, 'stock_location_name': 'Big Spoon Roasters Production Facility'}]",1,lb
23012,2.6,Honey - Organic,True,1,60 lb,,"[{'id': 198409, 'on_hand': '925.7426', 'available': '925.7426', 'committed': '0', 'backorderable': False, 'stock_location_name': 'Big Spoon Roasters Production Facility'}]",1,lb
I-PECANS-ORG,6.25,Pecans,True,1,30 lb,,"[{'id': 198410, 'on_hand': '457.52', 'available': '457.52', 'committed': '0', 'backorderable': False, 'stock_location_name': 'Big Spoon Roasters Production Facility'}]",1,lb
I-PEPITAS,3.15,Pepitas,True,1,25 lb,,"[{'id': 198411, 'on_hand': '232.68', 'available': '232.68', 'committed': '0', 'backorderable': False, 'stock_location_name': 'Big Spoon Roasters Production Facility'}]",1,lb
QUINOAFLK50#B-O,2.08,Quinoa - Flakes,True,1,60 lb,,"[{'id': 198412, 'on_hand': '1545.9', 'available': '1545.9', 'committed': '0', 'backorderable': False, 'stock_location_name': 'Big Spoon Roasters Production Facility'}]",1,lb
I-SORGHUM,2.22,Sorghum,True,1,60 lb,,"[{'id': 198413, 'on_hand': '120', 'available': '120', 'committed': '0', 'backorderable': False, 'stock_location_name': 'Big Spoon Roasters Production Facility'}]",1,lb
KOSH#10,4.92,Salt,True,1,10 lb,,"[{'id': 198414, 'on_hand': '374.89019', 'available': '374.89019', 'committed': '0', 'backorderable': False, 'stock_location_name': 'Big Spoon Roasters Production Facility'}]",1,lb
SJH34407,1.79,Cinnamon,True,1,25 lb,,"[{'id': 198415, 'on_hand': '64.662', 'available': '64.662', 'committed': '0', 'backorderable': False, 'stock_location_name': 'Big Spoon Roasters Production Facility'}]",1,lb
SJD2906,5.91,Guajillo Chiles,True,1,10 lb,,"[{'id': 198416, 'on_hand': '27.97959', 'available': '27.97959', 'committed': '0', 'backorderable': False, 'stock_location_name': 'Big Spoon Roasters Production Facility'}]",1,lb
SJD0804,2.21,Habanero Chiles,True,1,1 lb,,"[{'id': 198417, 'on_hand': '1.68603', 'available': '1.68603', 'committed': '0', 'backorderable': False, 'stock_location_name': 'Big Spoon Roasters Production Facility'}]",1,lb
VANPOWLB,50.1,Vanilla Powder,True,1,1 lb,,"[{'id': 198418, 'on_hand': '20.48957', 'available': '20.48957', 'committed': '0', 'backorderable': False, 'stock_location_name': 'Big Spoon Roasters Production Facility'}]",1,lb
ORBLSP,1.95,Peanuts - Organic,True,1,30 lb,,"[{'id': 198419, 'on_hand': '2054.34', 'available': '2054.34', 'committed': '0', 'backorderable': False, 'stock_location_name': 'Big Spoon Roasters Production Facility'}]",1,lb
I-CHOC-NIBS,9.75,Chocolate - Nibs,True,1,10 lb,,"[{'id': 198420, 'on_hand': '33.91541', 'available': '33.91541', 'committed': '0', 'backorderable': False, 'stock_location_name': 'Big Spoon Roasters Production Facility'}]",1,lb
L90D,1.85,Inulin,True,1,617 lb drum,,"[{'id': 198421, 'on_hand': '860.2095', 'available': '860.2095', 'committed': '0', 'backorderable': False, 'stock_location_name': 'Big Spoon Roasters Production Facility'}]",1,lb
OGFCQ-136,5.72,Quinoa - Crisps,True,1,25 lb,,"[{'id': 198422, 'on_hand': '589.02', 'available': '589.02', 'committed': '0', 'backorderable': False, 'stock_location_name': 'Big Spoon Roasters Production Facility'}]",1,lb
A4-15,4.88,Coconut Crystals,True,1,27.5 lb,,"[{'id': 198423, 'on_hand': '261.85317', 'available': '261.85317', 'committed': '0', 'backorderable': False, 'stock_location_name': 'Big Spoon Roasters Production Facility'}]",1,lb
870H,3.9,Pea Protein,True,1,44.1 lb,,"[{'id': 198424, 'on_hand': '4326.98', 'available': '4326.98', 'committed': '0', 'backorderable': False, 'stock_location_name': 'Big Spoon Roasters Production Facility'}]",1,lb
LABEL-NB-130Z,0,Label-NB-13 oz,True,1,Each,,"[{'id': 198485, 'on_hand': '0', 'available': '0', 'committed': '0', 'backorderable': False, 'stock_location_name': 'Big Spoon Roasters Production Facility'}]",0,
WT154674CF,0.17,Label-NB-13 oz:Almond Butter,True,1,Each,,"[{'id': 198486, 'on_hand': '0', 'available': '0', 'committed': '0', 'backorderable': False, 'stock_location_name': 'Big Spoon Roasters Production Facility'}]",0,
WT154676CF,0.17,Label-NB-13 oz:Cashew Butter,True,1,Each,,"[{'id': 198487, 'on_hand': '293.2034', 'available': '293.2034', 'committed': '0', 'backorderable': False, 'stock_location_name': 'Big Spoon Roasters Production Facility'}]",0,
WT154681CF,0.17,Label-NB-13 oz:Chai Spice,True,1,Each,,"[{'id': 198488, 'on_hand': '3101.5522', 'available': '3101.5522', 'committed': '0', 'backorderable': False, 'stock_location_name': 'Big Spoon Roasters Production Facility'}]",0,
WT154678CF,0.17,Label-NB-13 oz:Chocolate Sea Salt,True,1,Each,,"[{'id': 198489, 'on_hand': '2905.213', 'available': '2905.213', 'committed': '0', 'backorderable': False, 'stock_location_name': 'Big Spoon Roasters Production Facility'}]",0,
WT154677CF,0.17,Label-NB-13 oz:Fiji Ginger,True,1,Each,,"[{'id': 198490, 'on_hand': '1860.7288', 'available': '1860.7288', 'committed': '0', 'backorderable': False, 'stock_location_name': 'Big Spoon Roasters Production Facility'}]",0,
WT154682CF,0.12,Label-NB-13 oz:GGet Espresso,True,1,Each,,"[{'id': 198491, 'on_hand': '2042', 'available': '2042', 'committed': '0', 'backorderable': False, 'stock_location_name': 'Big Spoon Roasters Production Facility'}]",0,
WT154680CF,0.17,Label-NB-13 oz:Hot Mamba,True,1,Each,,"[{'id': 198492, 'on_hand': '6076.1842', 'available': '6076.1842', 'committed': '0', 'backorderable': False, 'stock_location_name': 'Big Spoon Roasters Production Facility'}]",0,
WT154679CF,0.17,Label-NB-13 oz:Maple Cinnamon,True,1,Each,,"[{'id': 198493, 'on_hand': '2469.5334', 'available': '2469.5334', 'committed': '0', 'backorderable': False, 'stock_location_name': 'Big Spoon Roasters Production Facility'}]",0,
WT154673CF,0.17,Label-NB-13 oz:Peanut Butter,True,1,Each,,"[{'id': 198494, 'on_hand': '1669.8958', 'available': '1669.8958', 'committed': '0', 'backorderable': False, 'stock_location_name': 'Big Spoon Roasters Production Facility'}]",0,
WT154684CF,0.17,Label-NB-13 oz:Peanut Pecan,True,1,Each,,"[{'id': 198495, 'on_hand': '1826.9114', 'available': '1826.9114', 'committed': '0', 'backorderable': False, 'stock_location_name': 'Big Spoon Roasters Production Facility'}]",0,
WT154683CF,0.17,Label-NB-13 oz:Toasted Coconut,True,1,Each,,"[{'id': 198496, 'on_hand': '1373.5722', 'available': '1373.5722', 'committed': '0', 'backorderable': False, 'stock_location_name': 'Big Spoon Roasters Production Facility'}]",0,
WT161820CF,0.17,Label-NB-13 oz:Wag Butter,True,1,Each,,"[{'id': 201560, 'on_hand': '4371', 'available': '4371', 'committed': '0', 'backorderable': False, 'stock_location_name': 'Big Spoon Roasters Production Facility'}]",0,
LABEL-NB-100Z,0,Labels - NB - 10 oz,True,1,Each,,"[{'id': 198497, 'on_hand': '0', 'available': '0', 'committed': '0', 'backorderable': False, 'stock_location_name': 'Big Spoon Roasters Production Facility'}]",0,
WT147099CF,0.13,Labels - NB - 10 oz:Tigerwalk Espresso,True,1,Each,,"[{'id': 198498, 'on_hand': '2075', 'available': '2075', 'committed': '0', 'backorderable': False, 'stock_location_name': 'Big Spoon Roasters Production Facility'}]",0,
LABEL-NB-LTD-CCCG,0.09,Labels - NB - 10 oz:Ltd Batch - CCC Gianduja,True,1,Each,,"[{'id': 198499, 'on_hand': '80', 'available': '80', 'committed': '0', 'backorderable': False, 'stock_location_name': 'Big Spoon Roasters Production Facility'}]",0,
LABEL-NB-LTD-PEP,0.09,Labels - NB - 10 oz:Ltd Batch - Pepperfest,True,1,Each,,"[{'id': 198500, 'on_hand': '150', 'available': '150', 'committed': '0', 'backorderable': False, 'stock_location_name': 'Big Spoon Roasters Production Facility'}]",0,
LABEL-NB-LTD-LCASH,0.09,Labels - NB - 10 oz:Ltd Batch - Lemon Cashew,True,1,Each,,"[{'id': 198501, 'on_hand': '91.83382', 'available': '91.83382', 'committed': '0', 'backorderable': False, 'stock_location_name': 'Big Spoon Roasters Production Facility'}]",0,
LABEL-NB-LTD-CCAKE,0.09,Labels - NB - 10 oz:Ltd Batch - Carrot Cake Walnut,True,1,Each,,"[{'id': 198502, 'on_hand': '785', 'available': '785', 'committed': '0', 'backorderable': False, 'stock_location_name': 'Big Spoon Roasters Production Facility'}]",0,
LABEL-NB-LTD-PPIE,0.09,Labels - NB - 10 oz:Ltd Batch - Sorghum Pecan Pie,True,1,Each,,"[{'id': 198503, 'on_hand': '1305', 'available': '1305', 'committed': '0', 'backorderable': False, 'stock_location_name': 'Big Spoon Roasters Production Facility'}]",0,
LABEL-NB-LTD-FGPNUT,0.09,Labels - NB - 10 oz:Ltd Batch - Fiji Ginger Peanut,True,1,Each,,"[{'id': 198504, 'on_hand': '1305', 'available': '1305', 'committed': '0', 'backorderable': False, 'stock_location_name': 'Big Spoon Roasters Production Facility'}]",0,
WT119602CF,0,Labels - NB - 10 oz:Peanut Almond,True,1,Each,,"[{'id': 198705, 'on_hand': '400', 'available': '400', 'committed': '0', 'backorderable': False, 'stock_location_name': 'Big Spoon Roasters Production Facility'}]",0,
WT148383CF,0.09,Labels - NB - 10 oz:Counter Culture Espresso,True,1,Each,,"[{'id': 201113, 'on_hand': '5850', 'available': '5850', 'committed': '0', 'backorderable': False, 'stock_location_name': 'Big Spoon Roasters Production Facility'}]",0,
WT148401CF,0.09,Labels - NB - 10 oz:Carrboro Espresso,True,1,Each,,"[{'id': 201114, 'on_hand': '500', 'available': '500', 'committed': '0', 'backorderable': False, 'stock_location_name': 'Big Spoon Roasters Production Facility'}]",0,
WT148394CF,0.09,Labels - NB - 10 oz:Peanut Cocoa,True,1,Each,,"[{'id': 201115, 'on_hand': '1398', 'available': '1398', 'committed': '0', 'backorderable': False, 'stock_location_name': 'Big Spoon Roasters Production Facility'}]",0,
WT148393CF,0.09,Labels - NB - 10 oz:Peanut Cashew,True,1,Each,,"[{'id': 201116, 'on_hand': '1382', 'available': '1382', 'committed': '0', 'backorderable': False, 'stock_location_name': 'Big Spoon Roasters Production Facility'}]",0,
NB-LABEL-30Z,0,Label-NB-3oz,True,1,Each,,"[{'id': 198505, 'on_hand': '0', 'available': '0', 'committed': '0', 'backorderable': False, 'stock_location_name': 'Big Spoon Roasters Production Facility'}]",0,
WT156081CF,0.16,Label-NB-3oz:Chai Spice,True,1,Each,,"[{'id': 198506, 'on_hand': '3950.00024', 'available': '3950.00024', 'committed': '0', 'backorderable': False, 'stock_location_name': 'Big Spoon Roasters Production Facility'}]",0,
WT156083CF,0.16,Label-NB-3oz:Fiji Ginger,True,1,Each,,"[{'id': 198507, 'on_hand': '3265.0006', 'available': '3265.0006', 'committed': '0', 'backorderable': False, 'stock_location_name': 'Big Spoon Roasters Production Facility'}]",0,
WT156082CF,0.16,Label-NB-3oz:Maple Cinnamon,True,1,Each,,"[{'id': 198508, 'on_hand': '3049.58371', 'available': '3049.58371', 'committed': '0', 'backorderable': False, 'stock_location_name': 'Big Spoon Roasters Production Facility'}]",0,
WT156080CF,0.16,Label-NB-3oz:Peanut Butter,True,1,Each,,"[{'id': 198509, 'on_hand': '3318.00036', 'available': '3318.00036', 'committed': '0', 'backorderable': False, 'stock_location_name': 'Big Spoon Roasters Production Facility'}]",0,
WT156085CF,0.16,Label-NB-3oz:Chocolate Sea Salt,True,1,Each,,"[{'id': 201239, 'on_hand': '2735.5001', 'available': '2735.5001', 'committed': '0', 'backorderable': False, 'stock_location_name': 'Big Spoon Roasters Production Facility'}]",0,
WT156084CF,0.16,Label-NB-3oz:Almond Butter,True,1,Each,,"[{'id': 201240, 'on_hand': '2680.00032', 'available': '2680.00032', 'committed': '0', 'backorderable': False, 'stock_location_name': 'Big Spoon Roasters Production Facility'}]",0,
WT156086CF,0.16,Label-NB-3oz:Toasted Coconut,True,1,Each,,"[{'id': 201241, 'on_hand': '2713.41681', 'available': '2713.41681', 'committed': '0', 'backorderable': False, 'stock_location_name': 'Big Spoon Roasters Production Facility'}]",0,
LABEL-NB-1PACK,0,Label-NB-1Pack,True,1,Each,,"[{'id': 198510, 'on_hand': '0', 'available': '0', 'committed': '0', 'backorderable': False, 'stock_location_name': 'Big Spoon Roasters Production Facility'}]",0,
WT158151CF,0.12,Label-NB-1Pack:Almond Butter,True,1,Each,,"[{'id': 198511, 'on_hand': '1150', 'available': '1150', 'committed': '0', 'backorderable': False, 'stock_location_name': 'Big Spoon Roasters Production Facility'}]",0,
WT157272CF,0.12,Label-NB-1Pack:Chai,True,1,Each,,"[{'id': 198512, 'on_hand': '1050', 'available': '1050', 'committed': '0', 'backorderable': False, 'stock_location_name': 'Big Spoon Roasters Production Facility'}]",0,
WT159032CF,0.12,Label-NB-1Pack:Chocolate Sea Salt,True,1,Each,,"[{'id': 198513, 'on_hand': '1250', 'available': '1250', 'committed': '0', 'backorderable': False, 'stock_location_name': 'Big Spoon Roasters Production Facility'}]",0,
WT159029CF,0.12,Label-NB-1Pack:GGet Espresso,True,1,Each,,"[{'id': 198514, 'on_hand': '1988', 'available': '1988', 'committed': '0', 'backorderable': False, 'stock_location_name': 'Big Spoon Roasters Production Facility'}]",0,
WT157276CF,0.12,Label-NB-1Pack:Fiji Ginger,True,1,Each,,"[{'id': 198515, 'on_hand': '1225', 'available': '1225', 'committed': '0', 'backorderable': False, 'stock_location_name': 'Big Spoon Roasters Production Facility'}]",0,
WT158147CF,0.12,Label-NB-1Pack:Hot Mamba,True,1,Each,,"[{'id': 198516, 'on_hand': '1015', 'available': '1015', 'committed': '0', 'backorderable': False, 'stock_location_name': 'Big Spoon Roasters Production Facility'}]",0,
WT157274CF,0.12,Label-NB-1Pack:Maple Cinnamon,True,1,Each,,"[{'id': 198517, 'on_hand': '775', 'available': '775', 'committed': '0', 'backorderable': False, 'stock_location_name': 'Big Spoon Roasters Production Facility'}]",0,
WT157270CF,0.12,Label-NB-1Pack:Peanut Butter,True,1,Each,,"[{'id': 198518, 'on_hand': '975', 'available': '975', 'committed': '0', 'backorderable': False, 'stock_location_name': 'Big Spoon Roasters Production Facility'}]",0,
WT158149CF,0.12,Label-NB-1Pack:Peanut Pecan,True,1,Each,,"[{'id': 198519, 'on_hand': '975', 'available': '975', 'committed': '0', 'backorderable': False, 'stock_location_name': 'Big Spoon Roasters Production Facility'}]",0,
WT158153CF,0.12,Label-NB-1Pack:Toasted Coconut,True,1,Each,,"[{'id': 198520, 'on_hand': '1025', 'available': '1025', 'committed': '0', 'backorderable': False, 'stock_location_name': 'Big Spoon Roasters Production Facility'}]",0,
LABEL-NB-2PACK,0,Label-NB-2Pack,True,1,Each,,"[{'id': 198521, 'on_hand': '0', 'available': '0', 'committed': '0', 'backorderable': False, 'stock_location_name': 'Big Spoon Roasters Production Facility'}]",0,
WT158152CF,0.12,Label-NB-2Pack:Almond Butter,True,1,Each,,"[{'id': 198522, 'on_hand': '1270', 'available': '1270', 'committed': '0', 'backorderable': False, 'stock_location_name': 'Big Spoon Roasters Production Facility'}]",0,
WT157273CF,0.12,Label-NB-2Pack:Chai,True,1,Each,,"[{'id': 198523, 'on_hand': '1360', 'available': '1360', 'committed': '0', 'backorderable': False, 'stock_location_name': 'Big Spoon Roasters Production Facility'}]",0,
WT159033CF,0.12,Label-NB-2Pack:Chocolate Sea Salt,True,1,Each,,"[{'id': 198524, 'on_hand': '2935', 'available': '2935', 'committed': '0', 'backorderable': False, 'stock_location_name': 'Big Spoon Roasters Production Facility'}]",0,
WT159030CF,0.12,Label-NB-2Pack:GGet Espresso,True,1,Each,,"[{'id': 198525, 'on_hand': '2153', 'available': '2153', 'committed': '0', 'backorderable': False, 'stock_location_name': 'Big Spoon Roasters Production Facility'}]",0,
WT157277CF,0.12,Label-NB-2Pack:Fiji Ginger,True,1,Each,,"[{'id': 198526, 'on_hand': '1360', 'available': '1360', 'committed': '0', 'backorderable': False, 'stock_location_name': 'Big Spoon Roasters Production Facility'}]",0,
WT158148CF,0.12,Label-NB-2Pack:Hot Mamba,True,1,Each,,"[{'id': 198527, 'on_hand': '1085', 'available': '1085', 'committed': '0', 'backorderable': False, 'stock_location_name': 'Big Spoon Roasters Production Facility'}]",0,
WT157275CF,0.12,Label-NB-2Pack:Maple Cinnamon,True,1,Each,,"[{'id': 198528, 'on_hand': '1075', 'available': '1075', 'committed': '0', 'backorderable': False, 'stock_location_name': 'Big Spoon Roasters Production Facility'}]",0,
WT157271CF,0.12,Label-NB-2Pack:Peanut Butter,True,1,Each,,"[{'id': 198529, 'on_hand': '1110', 'available': '1110', 'committed': '0', 'backorderable': False, 'stock_location_name': 'Big Spoon Roasters Production Facility'}]",0,
WT158150CF,0.12,Label-NB-2Pack:Peanut Pecan,True,1,Each,,"[{'id': 198530, 'on_hand': '1080', 'available': '1080', 'committed': '0', 'backorderable': False, 'stock_location_name': 'Big Spoon Roasters Production Facility'}]",0,
WT158154CF,0.12,Label-NB-2Pack:Toasted Coconut,True,1,Each,,"[{'id': 198531, 'on_hand': '1355', 'available': '1355', 'committed': '0', 'backorderable': False, 'stock_location_name': 'Big Spoon Roasters Production Facility'}]",0,
LABEL-NB-OTHER,0,Label-NB-Other,True,1,Each,,"[{'id': 198532, 'on_hand': '0', 'available': '0', 'committed': '0', 'backorderable': False, 'stock_location_name': 'Big Spoon Roasters Production Facility'}]",0,
S-13166,0.01,Label-NB-Other:Best by,True,1,Each,,"[{'id': 198533, 'on_hand': '119017', 'available': '119017', 'committed': '0', 'backorderable': False, 'stock_location_name': 'Big Spoon Roasters Production Facility'}]",0,
NB-LABEL-GIFT4U,0.44,Label-NB-Other:Gift,True,1,Each,,"[{'id': 198534, 'on_hand': '601', 'available': '601', 'committed': '0', 'backorderable': False, 'stock_location_name': 'Big Spoon Roasters Production Facility'}]",0,
WT156077CF,0.08,Label-NB-Other:13 oz Lid,True,1,Each,,"[{'id': 198535, 'on_hand': '12815', 'available': '12815', 'committed': '0', 'backorderable': False, 'stock_location_name': 'Big Spoon Roasters Production Facility'}]",0,
LABEL-NB-LID-LTD,0.19,Label-NB-Other:Ltd Batch Lid,True,1,Each,,"[{'id': 198536, 'on_hand': '2409', 'available': '2409', 'committed': '0', 'backorderable': False, 'stock_location_name': 'Big Spoon Roasters Production Facility'}]",0,
WT142661CF,0.25,Label-NB-Other:Bulk - Sequential,True,1,Each,,"[{'id': 198537, 'on_hand': '214.73', 'available': '214.73', 'committed': '0', 'backorderable': False, 'stock_location_name': 'Big Spoon Roasters Production Facility'}]",0,
WT157224CF,0.44,Label-NB-Other:PNUT-MPC-CHAI-FGIN,True,1,Each,,"[{'id': 198538, 'on_hand': '424', 'available': '424', 'committed': '0', 'backorderable': False, 'stock_location_name': 'Big Spoon Roasters Production Facility'}]",0,
WT157431CF,0.44,Label-NB-Other:ALM-CSS-FGIN-TCO,True,1,Each,,"[{'id': 201112, 'on_hand': '1452', 'available': '1452', 'committed': '0', 'backorderable': False, 'stock_location_name': 'Big Spoon Roasters Production Facility'}]",0,
WT161823CF,0.19,Label-NB-Other:Wag Butter Lid,True,1,Each,,"[{'id': 201561, 'on_hand': '4475', 'available': '4475', 'committed': '0', 'backorderable': False, 'stock_location_name': 'Big Spoon Roasters Production Facility'}]",0,
PKG-NB,0,NB Packaging,True,1,Each,,"[{'id': 198539, 'on_hand': '0', 'available': '0', 'committed': '0', 'backorderable': False, 'stock_location_name': 'Big Spoon Roasters Production Facility'}]",0,
G10-70-450BIGSPOON01-28,0.2,NB Packaging:10 oz Jar,True,1,Each,,"[{'id': 198540, 'on_hand': '16215', 'available': '16215', 'committed': '0', 'backorderable': False, 'stock_location_name': 'Big Spoon Roasters Production Facility'}]",0,
G12-70-450ECO02-2,0.27,NB Packaging:13 oz Jar,True,1,Each,,"[{'id': 198541, 'on_hand': '13499', 'available': '13499', 'committed': '0', 'backorderable': False, 'stock_location_name': 'Big Spoon Roasters Production Facility'}]",0,
PKG-JAR-4OZ,0.21416,NB Packaging:4 oz Jar,True,1,Each,,"[{'id': 198542, 'on_hand': '4230', 'available': '4230', 'committed': '0', 'backorderable': False, 'stock_location_name': 'Big Spoon Roasters Production Facility'}]",0,
C70G-450GGMLP-5,0.11,NB Packaging:Jar Lid,True,1,Each,,"[{'id': 198543, 'on_hand': '14659', 'available': '14659', 'committed': '0', 'backorderable': False, 'stock_location_name': 'Big Spoon Roasters Production Facility'}]",0,
PL09W,0.5,NB Packaging:1 Gal Lid,True,1,Each,,"[{'id': 198544, 'on_hand': '221', 'available': '221', 'committed': '0', 'backorderable': False, 'stock_location_name': 'Big Spoon Roasters Production Facility'}]",0,
P009,1.63,NB Packaging:1 Gal Bucket,True,1,Each,,"[{'id': 198545, 'on_hand': '212', 'available': '212', 'committed': '0', 'backorderable': False, 'stock_location_name': 'Big Spoon Roasters Production Facility'}]",0,
S-9948,1.65,NB Packaging:5 Gal Lid,True,1,Each,,"[{'id': 198546, 'on_hand': '20', 'available': '20', 'committed': '0', 'backorderable': False, 'stock_location_name': 'Big Spoon Roasters Production Facility'}]",0,
S-7914,5.05,NB Packaging:5 Gal Bucket,True,1,Each,,"[{'id': 198547, 'on_hand': '16', 'available': '16', 'committed': '0', 'backorderable': False, 'stock_location_name': 'Big Spoon Roasters Production Facility'}]",0,
44W64W,1.51,NB Packaging:Half Gal Bucket,True,1,Each,,"[{'id': 198548, 'on_hand': '105.73', 'available': '105.73', 'committed': '0', 'backorderable': False, 'stock_location_name': 'Big Spoon Roasters Production Facility'}]",0,
44W64L,0.69,NB Packaging:Half Gal Lid,True,1,Each,,"[{'id': 198549, 'on_hand': '121.73', 'available': '121.73', 'committed': '0', 'backorderable': False, 'stock_location_name': 'Big Spoon Roasters Production Facility'}]",0,
PKG-BOX-2PK-4PK,0.49,NB Packaging:2-4-Pack Box,True,1,Each,,"[{'id': 198550, 'on_hand': '823', 'available': '823', 'committed': '0', 'backorderable': False, 'stock_location_name': 'Big Spoon Roasters Production Facility'}]",0,
101006,1,NB Packaging:Gift Box,True,1,Each,,"[{'id': 201119, 'on_hand': '25', 'available': '25', 'committed': '0', 'backorderable': False, 'stock_location_name': 'Big Spoon Roasters Production Facility'}]",0,
LABEL-BAR,0,Label-Bar,True,1,Each,,"[{'id': 198551, 'on_hand': '0', 'available': '0', 'committed': '0', 'backorderable': False, 'stock_location_name': 'Big Spoon Roasters Production Facility'}]",0,
25488,0.087,Label-Bar:AP Rollstock,True,1,Impression,,"[{'id': 198552, 'on_hand': '21421', 'available': '21421', 'committed': '0', 'backorderable': False, 'stock_location_name': 'Big Spoon Roasters Production Facility'}]",0,
25490,0.087,Label-Bar:CP Rollstock,True,1,Impression,,"[{'id': 198553, 'on_hand': '50629', 'available': '50629', 'committed': '0', 'backorderable': False, 'stock_location_name': 'Big Spoon Roasters Production Facility'}]",0,
25492,0.087,Label-Bar:CC Rollstock,True,1,Impression,,"[{'id': 198554, 'on_hand': '11666.84', 'available': '11666.84', 'committed': '0', 'backorderable': False, 'stock_location_name': 'Big Spoon Roasters Production Facility'}]",0,
25494,0.087,Label-Bar:FC Rollstock,True,1,Impression,,"[{'id': 198555, 'on_hand': '21261.79', 'available': '21261.79', 'committed': '0', 'backorderable': False, 'stock_location_name': 'Big Spoon Roasters Production Facility'}]",0,
WT149183CF,0.04,Label-Bar:AP Box,True,1,Each,,"[{'id': 198556, 'on_hand': '11478', 'available': '11478', 'committed': '0', 'backorderable': False, 'stock_location_name': 'Big Spoon Roasters Production Facility'}]",0,
WT149187CF,0.04,Label-Bar:CC Box,True,1,Each,,"[{'id': 198557, 'on_hand': '17946', 'available': '17946', 'committed': '0', 'backorderable': False, 'stock_location_name': 'Big Spoon Roasters Production Facility'}]",0,
WT149184CF,0.04,Label-Bar:CP Box,True,1,Each,,"[{'id': 198558, 'on_hand': '24648', 'available': '24648', 'committed': '0', 'backorderable': False, 'stock_location_name': 'Big Spoon Roasters Production Facility'}]",0,
WT149189CF,0.04,Label-Bar:FC Box,True,1,Each,,"[{'id': 198559, 'on_hand': '12896', 'available': '12896', 'committed': '0', 'backorderable': False, 'stock_location_name': 'Big Spoon Roasters Production Facility'}]",0,
LABEL-BAR-BOX-VP,0.04,Label-Bar:VP Box,True,1,Each,,"[{'id': 198560, 'on_hand': '6744', 'available': '6744', 'committed': '0', 'backorderable': False, 'stock_location_name': 'Big Spoon Roasters Production Facility'}]",0,
26494,0.087,Label-Bar:Blank Rollstock,True,1,Impression,,"[{'id': 201120, 'on_hand': '2200', 'available': '2200', 'committed': '0', 'backorderable': False, 'stock_location_name': 'Big Spoon Roasters Production Facility'}]",0,
PKG-BAR,0,Bar Packaging,True,1,Each,,"[{'id': 198561, 'on_hand': '0', 'available': '0', 'committed': '0', 'backorderable': False, 'stock_location_name': 'Big Spoon Roasters Production Facility'}]",0,
PKG-BAR-BOX,0.52,Bar Packaging:Bar Box,True,1,Each,,"[{'id': 198562, 'on_hand': '3078', 'available': '3078', 'committed': '0', 'backorderable': False, 'stock_location_name': 'Big Spoon Roasters Production Facility'}]",0,
PKG-SHIPPING,0,Shipping Packaging,True,1,Each,,"[{'id': 198563, 'on_hand': '0', 'available': '0', 'committed': '0', 'backorderable': False, 'stock_location_name': 'Big Spoon Roasters Production Facility'}]",0,
1186,0.7,Shipping Packaging:Box - 11.25x8.75x6,True,1,Each,,"[{'id': 198564, 'on_hand': '962', 'available': '962', 'committed': '0', 'backorderable': False, 'stock_location_name': 'Big Spoon Roasters Production Facility'}]",0,
121010,0.74,Shipping Packaging:Box - 12x10x10,True,1,Each,,"[{'id': 198565, 'on_hand': '408', 'available': '408', 'committed': '0', 'backorderable': False, 'stock_location_name': 'Big Spoon Roasters Production Facility'}]",0,
666,0.9,Shipping Packaging:Box - 6x6x6,True,1,Each,,"[{'id': 198566, 'on_hand': '75', 'available': '75', 'committed': '0', 'backorderable': False, 'stock_location_name': 'Big Spoon Roasters Production Facility'}]",0,
966,0.48,Shipping Packaging:Box - 9x6x6,True,1,Each,,"[{'id': 198567, 'on_hand': '753', 'available': '753', 'committed': '0', 'backorderable': False, 'stock_location_name': 'Big Spoon Roasters Production Facility'}]",0,
986,0.6,Shipping Packaging:Box - 9x8x6,True,1,Each,,"[{'id': 198568, 'on_hand': '700', 'available': '700', 'committed': '0', 'backorderable': False, 'stock_location_name': 'Big Spoon Roasters Production Facility'}]",0,
12717,0.35,"Shipping Packaging:Box - Protector Pad, 3-4 PK",True,1,Each,,"[{'id': 198569, 'on_hand': '325', 'available': '325', 'committed': '0', 'backorderable': False, 'stock_location_name': 'Big Spoon Roasters Production Facility'}]",0,
12912,0.22,Shipping Packaging:Box - Small Protector Pad insert,True,1,Each,,"[{'id': 198570, 'on_hand': '0', 'available': '0', 'committed': '0', 'backorderable': False, 'stock_location_name': 'Big Spoon Roasters Production Facility'}]",0,
36804,0.671,Shipping Packaging:Box Filler 30 5/16 x 15 1/4,True,1,Each,,"[{'id': 198571, 'on_hand': '2046', 'available': '2046', 'committed': '0', 'backorderable': False, 'stock_location_name': 'Big Spoon Roasters Production Facility'}]",0,
674067,38.23,Shipping Packaging:104618 COLONIAL 72MMX100M 1.6MIL,True,1,CASE,,"[{'id': 198572, 'on_hand': '0', 'available': '0', 'committed': '0', 'backorderable': False, 'stock_location_name': 'Big Spoon Roasters Production Facility'}]",0,
74045,55.11,"Shipping Packaging:18""X1500' STRETCH FLEX 80GA FILM",False,1,CASE,,"[{'id': 198573, 'on_hand': '0', 'available': '0', 'committed': '0', 'backorderable': False, 'stock_location_name': 'Big Spoon Roasters Production Facility'}]",0,
371012,60.08,Shipping Packaging:CLEAR 72MMX100M BOX TAPE 2.0 MIL,True,1,CASE,,"[{'id': 198574, 'on_hand': '2', 'available': '2', 'committed': '0', 'backorderable': False, 'stock_location_name': 'Big Spoon Roasters Production Facility'}]",0,
180048,13.91,"Shipping Packaging:Kraft Paper Roll - 24"" 40 lb",True,1,Each,,"[{'id': 198575, 'on_hand': '20', 'available': '20', 'committed': '0', 'backorderable': False, 'stock_location_name': 'Big Spoon Roasters Production Facility'}]",0,
Sq100,292,"Shipping Packaging:Ribbon - SQ100 Gen Purpose wax/resin, 33mm x 600m Black - 1 case (25/case)",True,1,Each,,"[{'id': 198576, 'on_hand': '1', 'available': '1', 'committed': '0', 'backorderable': False, 'stock_location_name': 'Big Spoon Roasters Production Facility'}]",0,
2201,1.71,Shipping Packaging:Shipping Box 1-2 Level,True,1,Each,,"[{'id': 198577, 'on_hand': '951', 'available': '951', 'committed': '0', 'backorderable': False, 'stock_location_name': 'Big Spoon Roasters Production Facility'}]",0,
15239,1.84,Shipping Packaging:Shipping Box 3-4 Level,True,1,Each,,"[{'id': 198578, 'on_hand': '965', 'available': '965', 'committed': '0', 'backorderable': False, 'stock_location_name': 'Big Spoon Roasters Production Facility'}]",0,
153311W,48.49,"Shipping Packaging:Ranpak Machine Roll, White",False,1,Each,,"[{'id': 198579, 'on_hand': '0', 'available': '0', 'committed': '0', 'backorderable': False, 'stock_location_name': 'Big Spoon Roasters Production Facility'}]",0,
5010000VK,48.49,"Shipping Packaging:Ranpak Machine Roll, Kraft",False,1,Each,,"[{'id': 198580, 'on_hand': '0', 'available': '0', 'committed': '0', 'backorderable': False, 'stock_location_name': 'Big Spoon Roasters Production Facility'}]",0,
S-13609,0.71,Shipping Packaging:Poly Mailer 15x20x4 Expansion,True,1,Each,,"[{'id': 201342, 'on_hand': '600', 'available': '600', 'committed': '0', 'backorderable': False, 'stock_location_name': 'Big Spoon Roasters Production Facility'}]",0,
126382,1556.58,"Shipping Packaging:Ranpak Machine Roll, Mixed Pallet",True,1,Pallet (30 rolls),30.0,"[{'id': 201406, 'on_hand': '1.2', 'available': '1.2', 'committed': '0', 'backorderable': False, 'stock_location_name': 'Big Spoon Roasters Production Facility'}]",0,
031026,38.89,Shipping Packaging:15.7x1476 Stretch Film,True,1,Box,,"[{'id': 201407, 'on_hand': '1', 'available': '1', 'committed': '0', 'backorderable': False, 'stock_location_name': 'Big Spoon Roasters Production Facility'}]",0,
S-15895,1.02,Shipping Packaging:Poly Mailer 20x24x4 Expansion,True,1,Each,,"[{'id': 201610, 'on_hand': '550', 'available': '550', 'committed': '0', 'backorderable': False, 'stock_location_name': 'Big Spoon Roasters Production Facility'}]",0,
39876,0.36,Shipping Packaging:Box - 9x7x6,True,1,Each,,"[{'id': 201611, 'on_hand': '1485', 'available': '1485', 'committed': '0', 'backorderable': False, 'stock_location_name': 'Big Spoon Roasters Production Facility'}]",0,
005836,62.59,Shipping Packaging:Hot Melt Smart Clear Tape,True,1,Each,,"[{'id': 201868, 'on_hand': '2', 'available': '2', 'committed': '0', 'backorderable': False, 'stock_location_name': 'Big Spoon Roasters Production Facility'}]",0,
39877,0.547,Shipping Packaging:Box - 11.5x9x6,True,1,Pallet (750 boxes),,"[{'id': 209660, 'on_hand': '735', 'available': '735', 'committed': '0', 'backorderable': False, 'stock_location_name': 'Big Spoon Roasters Production Facility'}]",0,
MERCH-JAM,0,Featured Jam,True,1,,,"[{'id': 198707, 'on_hand': '0', 'available': '0', 'committed': '0', 'backorderable': False, 'stock_location_name': 'Big Spoon Roasters Production Facility'}]",0,
MERCH-JAM-OCT19,7,Featured Jam:Lemon Bird Preserves Bourbon Figs with Vanilla & Smoked Salt,False,1,,,"[{'id': 198708, 'on_hand': '0', 'available': '0', 'committed': '0', 'backorderable': True, 'stock_location_name': 'Big Spoon Roasters Production Facility'}]",0,
MERCH-JAM-DEC19,6.96,Featured Jam:Girl Meets Dirt Pear Balsamic,False,1,7.75 oz,1.0,"[{'id': 198983, 'on_hand': '0', 'available': '0', 'committed': '0', 'backorderable': True, 'stock_location_name': 'Big Spoon Roasters Production Facility'}]",1.13,lb
MERCH-JAM-BLENAPRICOT,7,Featured Jam:Lemon Bird Preserves Blenheim Apricot,False,1,,,"[{'id': 199243, 'on_hand': '0', 'available': '0', 'committed': '0', 'backorderable': True, 'stock_location_name': 'Big Spoon Roasters Production Facility'}]",0,
MERCH-JAM-FLAVPLUMCOT,6,Featured Jam:Lemon Bird Preserves Flavorella Plumcot,False,1,,,"[{'id': 199244, 'on_hand': '0', 'available': '0', 'committed': '0', 'backorderable': True, 'stock_location_name': 'Big Spoon Roasters Production Facility'}]",0,
MERCH-JAM-PEARGINGER,6,Featured Jam:Lemon Bird Preserves Pear Ginger,False,1,,,"[{'id': 199245, 'on_hand': '0', 'available': '0', 'committed': '0', 'backorderable': True, 'stock_location_name': 'Big Spoon Roasters Production Facility'}]",0,
MERCH-JAM-FIDDLEHEAD,6.5,Featured Jam:Fiddlehead Farm Jams,False,1,,,"[{'id': 199270, 'on_hand': '0', 'available': '0', 'committed': '0', 'backorderable': True, 'stock_location_name': 'Big Spoon Roasters Production Facility'}]",0,
MERCH-JAM-NOV19,6,Featured Jam:Urban Canning Co. Spiced Apple,False,1,,,"[{'id': 200208, 'on_hand': '0', 'available': '0', 'committed': '0', 'backorderable': True, 'stock_location_name': 'Big Spoon Roasters Production Facility'}]",0,
MERCH-JAM-JAN20,4.58,Featured Jam:Brins Strawberry Lemongrass,False,1,,,"[{'id': 201014, 'on_hand': '0', 'available': '0', 'committed': '0', 'backorderable': True, 'stock_location_name': 'Big Spoon Roasters Production Facility'}]",0,
MERCH-JAM-FEB20,8.33,Featured Jam:Frog Hollow Farm Organic Blood Orange & Strawberry Marmalade,True,1,,,"[{'id': 201149, 'on_hand': '1', 'available': '1', 'committed': '0', 'backorderable': True, 'stock_location_name': 'Big Spoon Roasters Production Facility'}]",0,
MERCH-JAM-MAR20,7.25,Featured Jam:V Smiley Preserves Black Currant Shiro Plum,True,12,,,"[{'id': 202103, 'on_hand': '1', 'available': '1', 'committed': '0', 'backorderable': True, 'stock_location_name': 'Big Spoon Roasters Production Facility'}]",1.5,lb
MERCH-JAM-APRIL20,4.5,Featured Jam:Potlicker Kitchen Pear Ginger Jam,True,1,,,"[{'id': 209548, 'on_hand': '170', 'available': '154', 'committed': '16', 'backorderable': True, 'stock_location_name': 'Big Spoon Roasters Production Facility'}]",1.5,lb
MERCH-JAM-MAY20,6,Featured Jam:Regina's Farm Kitchen Peach Vanilla Bean,True,1,,,"[{'id': 209963, 'on_hand': '0', 'available': '0', 'committed': '0', 'backorderable': True, 'stock_location_name': 'Big Spoon Roasters Production Facility'}]",1.5,lb
GRANOLA,2.75,Michele's Granola,True,1,20 lb,,"[{'id': 200479, 'on_hand': '405.7', 'available': '405.7', 'committed': '0', 'backorderable': False, 'stock_location_name': 'Big Spoon Roasters Production Facility'}]",1,lb
2123,16.99,Lemon Powder,True,1,,,"[{'id': 201062, 'on_hand': '1', 'available': '1', 'committed': '0', 'backorderable': False, 'stock_location_name': 'Big Spoon Roasters Production Facility'}]",0,
LABEL-GENERAL,0,LABEL-GENERAL,True,1,,,"[{'id': 201117, 'on_hand': '0', 'available': '0', 'committed': '0', 'backorderable': False, 'stock_location_name': 'Big Spoon Roasters Production Facility'}]",0,
WT137957CF,0.12,LABEL-GENERAL:Made with BSR,True,1,,,"[{'id': 201118, 'on_hand': '1840', 'available': '1840', 'committed': '0', 'backorderable': False, 'stock_location_name': 'Big Spoon Roasters Production Facility'}]",0,
RPS,1.05,Conventional Peanuts,True,1,30lb ,,"[{'id': 201150, 'on_hand': '7800.5', 'available': '7800.5', 'committed': '0', 'backorderable': False, 'stock_location_name': 'Big Spoon Roasters Production Facility'}]",1,lb
0560,0,Guittard Onyx 72% Bittersweet Chocolate Callets,True,1,,0.0,"[{'id': 201509, 'on_hand': '0', 'available': '0', 'committed': '0', 'backorderable': False, 'stock_location_name': 'Big Spoon Roasters Production Facility'}]",1,lb
1309922,0,Chia Seeds,True,1,3 lb,,"[{'id': 201601, 'on_hand': '5.7', 'available': '5.7', 'committed': '0', 'backorderable': False, 'stock_location_name': 'Big Spoon Roasters Production Facility'}]",1,lb
36285,4.13,Walnuts,True,1,,,"[{'id': 209596, 'on_hand': '63', 'available': '63', 'committed': '0', 'backorderable': False, 'stock_location_name': 'Big Spoon Roasters Production Facility'}]",1,lb
SJH6000,5.43,Allspice,True,1,25 lb,,"[{'id': 209656, 'on_hand': '0.7', 'available': '0.7', 'committed': '0', 'backorderable': False, 'stock_location_name': 'Big Spoon Roasters Production Facility'}]",1,lb
SJH 8500,10.3,Nutmeg,True,1,25 lb,,"[{'id': 209657, 'on_hand': '3.5', 'available': '3.5', 'committed': '0', 'backorderable': False, 'stock_location_name': 'Big Spoon Roasters Production Facility'}]",1,lb
S1608-G,0,Sunflower Lecithin,True,1,"3.9KG, 8.6LBS",,"[{'id': 209981, 'on_hand': '8.6', 'available': '8.6', 'committed': '0', 'backorderable': False, 'stock_location_name': 'Big Spoon Roasters Production Facility'}]",1,lb
