sku,cost_price,fully_qualified_name,active,incremental_order_quantity,pack_size,pack_size_qty,weight,weight_units
MERCH-T-SPOONS,0,2019 BSR T-shirt - Spoons,True,1,Each,,0.25,lb
APP-CYL-CAP-BLK,0,2019 BSR T-shirt - Spoons:Each,False,1,Each,,0.25,lb
W-TU-BEAR,0,2019 BSR T-shirt - Spoons:Women's Medium,False,1,Each,,0.25,lb
W-TW-BEAR,0,2019 BSR T-shirt - Spoons:Women's Large,False,1,Each,,0.25,lb
W-TW-PNUT,0,2019 BSR T-shirt - Spoons:Women's Large,False,1,Each,,0.25,lb
W-TU-PNUT,0,2019 BSR T-shirt - Spoons:Women's Medium,False,1,Each,,0.25,lb
MERCH-T-SPOONS-W-S,13.85,2019 BSR T-shirt - Spoons:Women's Small,True,1,Each,,0.25,lb
MERCH-T-SPOONS-W-M,13.85,2019 BSR T-shirt - Spoons:Women's Medium,True,1,Each,,0.25,lb
MERCH-T-SPOONS-W-L,13.85,2019 BSR T-shirt - Spoons:Women's Large,True,1,Each,,0.25,lb
MERCH-T-SPOONS-W-XL,13.85,2019 BSR T-shirt - Spoons:Women's XL,True,1,Each,,0.25,lb
MERCH-T-SPOONS-U-S,14.95,2019 BSR T-shirt - Spoons:Unisex Small,True,1,,,0.25,lb
MERCH-T-SPOONS-U-M,14.95,2019 BSR T-shirt - Spoons:Unisex Medium,True,1,Each,,0.25,lb
MERCH-T-SPOONS-U-L,14.95,2019 BSR T-shirt - Spoons:Unisex Large,True,1,Each,,0.25,lb
MERCH-T-SPOONS-U-XL,14.95,2019 BSR T-shirt - Spoons:Unisex XL,True,1,Each,,6,oz
INGREDIENTS,0,INGREDIENTS,True,1,,,0,
I-VAN-10#-INACTIVE,501,INGREDIENTS:Vanilla Powder (Beanilla) - 10# case,False,1,Each,,0,
L90D-INACTIVE,1141.45,"INGREDIENTS:Frutalose (Inulin) L90, 55 gallon drum",False,1,Each,,0,
I-ALM-50#-INACTIVE,172.5,"INGREDIENTS:Almond Stock, Mission Dry Roasted - 50# case",False,1,Each,,0,
RW2160088-INACTIVE,0,"INGREDIENTS:Apricots, Turkish Whole - 28# case",False,1,Each,,0,
I-ASKINOSIE-MOR-INACTIVE,25,"INGREDIENTS:Chocolate, Askinosie Morsels - by the Kg",False,1,Each,,0,
272230-INACTIVE,0,"INGREDIENTS:Cashew Stock, 25#",False,1,Each,,0,
I-CHAI-NOSUGAR-INACTIVE,14.24,"INGREDIENTS:Chai Spice Mix - No Sugar, by the LB",False,1,Each,,0,
23450-INACTIVE,44.75,"INGREDIENTS:Vietnamese Cinnamon, 25# bag",False,1,Each,,0,
3109-INACTIVE,112.25,"INGREDIENTS:Org Coconut Chips, Unsweetened - 25lbs",False,1,Each,,0,
CRYSTALS-INACTIVE,134.19,"INGREDIENTS:Sugar, A4-15 Coconut Crystals - 27.5# bag",False,1,Each,,0,
990042-INACTIVE,17.09,"INGREDIENTS:Oil, Organic Coconut - 2# Jar",False,1,Each,,0,
RW5100178-INACTIVE,57,"INGREDIENTS:Sweetened Dried Tart Cherries, 10# case",False,1,Each,,0,
I-ESP-TIGER-5LB-INACTIVE,51.75,INGREDIENTS:Equator Coffees Tigerwalk Espresso - 5LB Bag,False,1,Each,,0,
20144-INACTIVE,186.85,"INGREDIENTS:Crystallized FIJI Ginger Mini Chips, 25.4# case",False,1,Each,,0,
250220-INACTIVE,24.77,"INGREDIENTS:Oil, Grapeseed (5 liter bottle)",False,1,Each,,0,
017463-20-US-INACTIVE,0,"INGREDIENTS:Green Tea Extract, GT Fort 101 C IP",False,1,Each,,0,
RST DCD 25LB-INACTIVE,156.25,"INGREDIENTS:Roasted Diced Hazelnuts, 25#",False,1,Each,,0,
6150-INACTIVE,0,"INGREDIENTS:Honey, Local Wildflower - 60#",False,1,Each,,0,
OHDHON(5gal)-INACTIVE,0,"INGREDIENTS:Honey, Oregon High Desert - 5 gallon",False,1,Each,,0,
KOSH##-INACTIVE,4.92,"INGREDIENTS:Salt, Jacobsen Kosher Bulk - by the LB",False,1,Each,,0,
92040-INACTIVE,282.36,"INGREDIENTS:Sugar, Pure Standard Maple - 40# Box",False,1,Each,,0,
I-NIBS-INACTIVE,9.75,"INGREDIENTS:Cocoa Nibs, 1#",False,1,Each,,0,
181237-INACTIVE,47.91,"INGREDIENTS:Oats, Old Fashioned GF - 25#",False,1,Each,,0,
35009-INACTIVE,0,"INGREDIENTS:Oats, 50# Bag",False,1,Each,,0,
QUINOAFLK25#B-O-INACTIVE,104,"INGREDIENTS:Quinoa Flake, Organic RTE - 50# Bag",False,1,Each,,0,
272250-INACTIVE,0,"INGREDIENTS:Natural PB Stock - Olde Tyme, 30#",False,1,Each,,0,
2191-INACTIVE,207,"INGREDIENTS:Pecan Pieces, Fancy XL Org - 30# case",False,1,Each,,0,
PUMPKINSEED-INACTIVE,3.3,"INGREDIENTS:Pumpkin Seeds, Roasted - by the LB",False,1,Each,,0,
5171786-INACTIVE,142.95,"INGREDIENTS:Quinoa Crisps, Organic - 25# case",False,1,Each,,0,
NSSU155-INACTIVE,47.91,"INGREDIENTS:Sugar, Raw Demerara - 25# bag",False,1,Each,,0,
35152-INACTIVE,0,"INGREDIENTS:Salt, Fine Sea Sicily Trapani 25kgs",False,1,Each,,0,
SORGHUM-INACTIVE,133,INGREDIENTS:Sorghum Syrup - 5 Gallon,False,1,Each,,0,
TAZACAFE-INACTIVE,55,INGREDIENTS:Taza (Cafe Blend) - 5# Bag,False,1,Each,,0,
TAZAPURO-INACTIVE,50,INGREDIENTS:Taza (Puro Blend) - 5# Bag,False,1,Each,,0,
BW416P804,0,INGREDIENTS:Bovine - rBGH Free - 20kg,False,1,Each,,0,
PURIS870H-INACTIVE,171.96,INGREDIENTS:Pea Protein (Puris) - 20Kg Bag,False,1,Each,,0,
#560-INACTIVE,62.5,"INGREDIENTS:Cranberries, Dried Sweetened - 25# case",False,1,Each,,0,
#070-INACTIVE,41.89,"INGREDIENTS:Figs, Diced - 10Kg Box",False,1,Each,,0,
SJD1706-INACTIVE,7.54,"INGREDIENTS:Ancho Chile Powder, by the LB",False,1,Each,,1,lb
SJD2906-INACTIVE,59.1,"INGREDIENTS:Guajillo Chile Powder, 10#",False,1,Each,,1,lb
SJD0804-INACTIVE,22.1,"INGREDIENTS:Habanero Powder, 1#",False,1,Each,,1,lb
I-ORG-PNUTS-30#-INACTIVE,58.5,"INGREDIENTS:Peanut Splits, Org Roasted - 30# case",False,1,Each,,0,
RW2550071-INACTIVE,42,"INGREDIENTS:Apricots, Unsulphured Diced - 28# case",False,1,Each,,0,
23012-INACTIVE,156,"INGREDIENTS:Organic Honey, 60#",False,1,,,0,
I-TEST-ING,0,INGREDIENTS:I-TEST-ING,False,1,Each,,0,
I-ESP-GGET-5lb-INACTIVE,43.25,INGREDIENTS:GGET Espresso - 5LB Bag,False,1,,,0,
I-ORG-CASHEW-INACTIVE,4.4,"INGREDIENTS:Org Cashew Stock, by the LB",False,1,,,0,
I-DRIED-GHOST-1OZ-INACTIVE,0,INGREDIENTS:I-DRIED-GHOST-1OZ,False,1,,,0.06,lb
I-DRIED-HABANERO-1OZ-INACTIVE,0,INGREDIENTS:I-DRIED-HABANERO-1OZ,False,1,,,0.06,lb
I-CAROLINA-REAPER-1OZ-INACTIVE,0,INGREDIENTS:I-DRIED-CAROLINA-REAPER-1OZ,False,1,,,0.06,lb
345037P-INACTIVE,0,"INGREDIENTS:Chocolate, TCHO 81%, Extra Dark",False,1,,,0,lb
I-GRANOLA-INACTIVE,0,INGREDIENTS:Granola,False,1,,,1,lb
OTHER PRODUCTS/SERVICES-INACTIVE,0,OTHER PRODUCTS/SERVICES-INACTIVE,False,1,,,0,
S-13166-INACTIVE,0,"OTHER PRODUCTS/SERVICES-INACTIVE:Label - Best By Sticker, 20M/BX",False,1,Each,,0,
AP-12PK-BOX,0,OTHER PRODUCTS/SERVICES-INACTIVE:Box - Cherry Pecan 12pk,False,1,Each,,0,
44W64L-INACTIVE,0.69,OTHER PRODUCTS/SERVICES-INACTIVE:Packaging - Bulk Half Gallon Lid,False,1,Each,,0,
44W64W-INACTIVE,0,OTHER PRODUCTS/SERVICES-INACTIVE:Packaging - Bulk Hald Gallon Pail,False,1,Each,,0,
PL09W-INACTIVE,0.37,OTHER PRODUCTS/SERVICES-INACTIVE:Packaging - Bulk 1 Gallon Lid,False,1,Each,,0,
P009-INACTIVE,0,OTHER PRODUCTS/SERVICES-INACTIVE:Packaging - Bulk 1 Gallon Pail,False,1,Each,,0,
PL58W-INACTIVE,1.65,OTHER PRODUCTS/SERVICES-INACTIVE:Packaging - Bulk 5 Gallon Lid,False,1,Each,,0,
5GALPAIL-INACTIVE,0,OTHER PRODUCTS/SERVICES-INACTIVE:Packaging - Bulk 5 Gallon Pail,False,1,Each,,0,
BULK-Label-Sequential Number-INACTIVE,0,OTHER PRODUCTS/SERVICES-INACTIVE:Label - Bulk Sequential Number,False,1,Each,,0,
203495A,0,OTHER PRODUCTS/SERVICES-INACTIVE:Box - Cherry Pecan 12-Pack,False,1,Each,,0,
1012-300-001-100,0,OTHER PRODUCTS/SERVICES-INACTIVE:Packaging - Foil Pouch,False,1,Each,,0,
L-FRENCH-BAR-INACTIVE,0,"OTHER PRODUCTS/SERVICES-INACTIVE:Label - French Ingredient, Bar",False,1,Each,,0,
L-FRENCH-JAR-INACTIVE,0,"OTHER PRODUCTS/SERVICES-INACTIVE:Label - French Ingredient, Butter",False,1,Each,,0,
JAR-4OZ-INACTIVE,0.21,OTHER PRODUCTS/SERVICES-INACTIVE:Jar - 4oz with Lid,False,1,Each,,0,
G10-70-450BIGSPOON01-28-INACTIVE,0.27,OTHER PRODUCTS/SERVICES-INACTIVE:Jar - Custom 10oz,False,1,Each,,0,
WT142989CF-INACTIVE,0,OTHER PRODUCTS/SERVICES-INACTIVE:Label - Jacobson Peanut Hazelnut,False,1,Each,,0,
WT142983CF,0,OTHER PRODUCTS/SERVICES-INACTIVE:Label - Jacobson Peanut,False,1,Each,,0,
C70G-450GGMLP-5-INACTIVE,0.11,"OTHER PRODUCTS/SERVICES-INACTIVE:Lid - 13oz Jar, Gold",False,1,Each,,0,
WT139740CF-INACTIVE,0.13,"OTHER PRODUCTS/SERVICES-INACTIVE:Label - ACT, 10oz",False,1,Each,,0,
WT119593CF-INACTIVE,0,"OTHER PRODUCTS/SERVICES-INACTIVE:Label - AGIN, 10oz",False,1,Each,,0,
WT119600CF-INACTIVE,0,"OTHER PRODUCTS/SERVICES-INACTIVE:Label - ALM, 10oz",False,1,Each,,0,
WT119596CF-INACTIVE,0.13,"OTHER PRODUCTS/SERVICES-INACTIVE:Label - CHAI, 10oz",False,1,Each,,0,
WT119606CF-INACTIVE,0.07,OTHER PRODUCTS/SERVICES-INACTIVE:Label - Lid Topper Tamper Stamp,False,1,Each,,0,
WT145501CF-INACTIVE,0,"OTHER PRODUCTS/SERVICES-INACTIVE:Label - MPC, 10oz",False,1,Each,,0,
L-PCASH-10OZ-INACTIVE,0.17,"OTHER PRODUCTS/SERVICES-INACTIVE:Label - PCASH, 10oz",False,1,Each,,0,
WT119604CF-INACTIVE,0.17,"OTHER PRODUCTS/SERVICES-INACTIVE:Label - PCO, 10oz",False,1,Each,,0,
WT119601CF-INACTIVE,0.17,"OTHER PRODUCTS/SERVICES-INACTIVE:Label - PNUT, 10oz",False,1,Each,,0,
WT119605CF-INACTIVE,0.17,"OTHER PRODUCTS/SERVICES-INACTIVE:Label - PPEC, 10oz",False,1,Each,,0,
WT147099CF-INACTIVE,0,"OTHER PRODUCTS/SERVICES-INACTIVE:Label - TIGERWALK, 10oz",False,1,Each,,0,
SIGN-BIGPRAISE,0,OTHER PRODUCTS/SERVICES-INACTIVE:Each,False,1,Each,,0,
WT119602CF-INACTIVE,0.17,"OTHER PRODUCTS/SERVICES-INACTIVE:Label - PA, 10oz",False,1,Each,,0,
LABEL-ACO-10OZ-INACTIVE,0.13,"OTHER PRODUCTS/SERVICES-INACTIVE:Label - ACO, 10oz",False,1,Each,,0,
LABEL-3OZ-LID-INACTIVE,0,OTHER PRODUCTS/SERVICES-INACTIVE:LABEL-3OZ-LID,False,1,Each,,0,
LABEL-3OZ-PNUT-INACTIVE,0.16,"OTHER PRODUCTS/SERVICES-INACTIVE:Label - Peanut, 3 oz",False,1,Each,,0,
BOX-2PK-JCB-INACTIVE,0,OTHER PRODUCTS/SERVICES-INACTIVE:Box - BOX-2PK-JCB,False,1,Each,,0,
25488-INACTIVE,0.09,OTHER PRODUCTS/SERVICES-INACTIVE:Label - Rollstock - AP,False,1,Each,,0,
25490-INACTIVE,0.09,OTHER PRODUCTS/SERVICES-INACTIVE:Label - Rollstock - CP,False,1,Each,,0,
25492-INACTIVE,0.09,OTHER PRODUCTS/SERVICES-INACTIVE:Label - Rollstock - CC,False,1,Each,,0,
25494-INACTIVE,0.09,OTHER PRODUCTS/SERVICES-INACTIVE:Label - Rollstock - FC,False,1,Each,,0,
WT149183CF-INACTIVE,0.04,OTHER PRODUCTS/SERVICES-INACTIVE:Label - Bar Box - AP,False,1,Each,,0,
WT149184CF-INACTIVE,0.04,OTHER PRODUCTS/SERVICES-INACTIVE:Label - Bar Box - CP,False,1,Each,,0,
WT149187CF-INACTIVE,0.04,OTHER PRODUCTS/SERVICES-INACTIVE:Label - Bar Box - CC,False,1,Each,,0,
WT149189CF-INACTIVE,0,OTHER PRODUCTS/SERVICES-INACTIVE:Label - Bar Box - FC,False,1,Each,,0,
BARBOX-INACTIVE,0,OTHER PRODUCTS/SERVICES-INACTIVE:Box - Bar Box,False,1,Each,,0,
LABEL-HOTP-10OZ-INACTIVE,0.13,"OTHER PRODUCTS/SERVICES-INACTIVE:Label - HOT, 10oz",False,1,Each,,0,
FREIGHT,0,OTHER PRODUCTS/SERVICES-INACTIVE:Service - Shipping Charge,False,1,Each,,0,
FEE,0,OTHER PRODUCTS/SERVICES-INACTIVE:Service - Delivery Fee,False,1,,,0,
WT154673CF-INACTIVE,0,"OTHER PRODUCTS/SERVICES-INACTIVE:Label - Peanut Butter, 13oz",False,1,Each,,0,
WT154684CF-INACTIVE,0.17,"OTHER PRODUCTS/SERVICES-INACTIVE:Label - Peanut Pecan, 13oz",False,1,Each,,0,
WT154680CF-INACTIVE,0.17,"OTHER PRODUCTS/SERVICES-INACTIVE:Label - Hot Mamba, 13oz",False,1,Each,,0,
WT154681CF-INACTIVE,0.17,"OTHER PRODUCTS/SERVICES-INACTIVE:Label - Chai Spice, 13oz",False,1,Each,,0,
WT154679CF-INACTIVE,0.17,"OTHER PRODUCTS/SERVICES-INACTIVE:Label - Maple Cinnamon, 13 oz",False,1,Each,,0,
WT154676CF-INACTIVE,0.17,"OTHER PRODUCTS/SERVICES-INACTIVE:Label - Cashew Butter, 13 oz",False,1,Each,,0,
WT154682CF-INACTIVE,0.17,"OTHER PRODUCTS/SERVICES-INACTIVE:Label - Espresso GGET, 13 oz",False,1,Each,,0,
WT154674CF-INACTIVE,0.17,"OTHER PRODUCTS/SERVICES-INACTIVE:Label - Almond Butter, 13 oz",False,1,Each,,0,
WT154683CF-INACTIVE,0.17,"OTHER PRODUCTS/SERVICES-INACTIVE:Label - Toasted Coconut, 13 oz",False,1,Each,,0,
WT154678CF-INACTIVE,0.17,"OTHER PRODUCTS/SERVICES-INACTIVE:Label - Chocolate Sea Salt, 13 oz",False,1,Each,,0,
WT154677CF-INACTIVE,0.17,"OTHER PRODUCTS/SERVICES-INACTIVE:Label - Fiji Ginger, 13 oz",False,1,Each,,0,
LABEL-VPACK-NB-3OZ-INACTIVE,0.44,OTHER PRODUCTS/SERVICES-INACTIVE:LABEL-VPACK-NB-3OZ,False,1,,,0,
Jar-13 oz 70/450-INACTIVE,0.28,OTHER PRODUCTS/SERVICES-INACTIVE:Jar - 13oz,False,1,,,0,
BOX-2PK-4PK-INACTIVE,0,OTHER PRODUCTS/SERVICES-INACTIVE:BOX-2PK-4PK,False,1,,,0,
LABEL-MPC-3OZ-INACTIVE,0.16,"OTHER PRODUCTS/SERVICES-INACTIVE:Label - Maple Cinnamon, 3 oz",False,1,,,0,
WT156083CF-INACTIVE,0.16,"OTHER PRODUCTS/SERVICES-INACTIVE:Label - Fiji Ginger, 3 oz",False,1,,,0,
LABEL-CHAI-3OZ-INACTIVE,0.16,"OTHER PRODUCTS/SERVICES-INACTIVE:Label - Chai Spice, 3 oz",False,1,,,0,
LABEL-1PACK-ACT-INACTIVE,0.13,OTHER PRODUCTS/SERVICES-INACTIVE:Label - Amazon - 1Pack ACT,False,1,,,0,
LABEL-1PACK-AGIN-INACTIVE,0.13,OTHER PRODUCTS/SERVICES-INACTIVE:Label - Amazon - 1Pack AGIN,False,1,,,0,
LABEL-1PACK-ALM-INACTIVE,0.13,OTHER PRODUCTS/SERVICES-INACTIVE:Label - Amazon - 1Pack ALM,False,1,,,0,
LABEL-1PACK-CHAI-INACTIVE,0.13,OTHER PRODUCTS/SERVICES-INACTIVE:Label - Amazon - 1Pack CHAI,False,1,,,0,
LABEL-1PACK-HOT-INACTIVE,0.13,OTHER PRODUCTS/SERVICES-INACTIVE:Label - Amazon - 1Pack HOT,False,1,,,0,
LABEL-1PACK-MPC-INACTIVE,0.13,OTHER PRODUCTS/SERVICES-INACTIVE:Label - Amazon - 1Pack MPC,False,1,,,0,
LABEL-1PACK-PNUT-INACTIVE,0.13,OTHER PRODUCTS/SERVICES-INACTIVE:Label - Amazon - 1Pack PNUT,False,1,,,0,
LABEL-1PACK-PPEC-INACTIVE,0.13,OTHER PRODUCTS/SERVICES-INACTIVE:Label - Amazon - 1Pack PPEC,False,1,,,0,
LABEL-2PACK-ACT-INACTIVE,0.13,OTHER PRODUCTS/SERVICES-INACTIVE:Label - Amazon - 2Pack ACT,False,1,,,0,
LABEL-2PACK-AGIN-INACTIVE,0.13,OTHER PRODUCTS/SERVICES-INACTIVE:Label - Amazon - 2Pack AGIN,False,1,,,0,
LABEL-2PACK-ALM-INACTIVE,0.13,OTHER PRODUCTS/SERVICES-INACTIVE:Label - Amazon - 2Pack ALM,False,1,,,0,
LABEL-2PACK-CHAI-INACTIVE,0.13,OTHER PRODUCTS/SERVICES-INACTIVE:Label - Amazon - 2Pack CHAI,False,1,,,0,
LABEL-2PACK-HOT-INACTIVE,0.13,OTHER PRODUCTS/SERVICES-INACTIVE:Label - Amazon - 2Pack HOT,False,1,,,0,
LABEL-2PACK-MPC-INACTIVE,0.13,OTHER PRODUCTS/SERVICES-INACTIVE:Label - Amazon - 2Pack MPC,False,1,,,0,
LABEL-2PACK-PNUT-INACTIVE,0.13,OTHER PRODUCTS/SERVICES-INACTIVE:Label - Amazon - 2Pack PNUT,False,1,,,0,
LABEL-2PACK-PPEC-INACTIVE,0.13,OTHER PRODUCTS/SERVICES-INACTIVE:Label - Amazon - 2Pack PPEC,False,1,,,0,
LABEL-1-PACK-ACO-INACTIVE,0.13,OTHER PRODUCTS/SERVICES-INACTIVE:Label - Amazon - 1Pack ACO,False,1,,,0,
LABEL-2PACK-ACO-INACTIVE,0.13,OTHER PRODUCTS/SERVICES-INACTIVE:Label - Amazon - 2Pack ACO,False,1,,,0,
LABEL-1PACK-ESP-INACTIVE,0.13,OTHER PRODUCTS/SERVICES-INACTIVE:Label - Amazon - 1Pack ESP,False,1,,,0,
LABEL-2PACK-ESP-INACTIVE,0.13,OTHER PRODUCTS/SERVICES-INACTIVE:Label - Amazon - 2Pack ESP,False,1,,,0,
MKT,0,Marketing Materials,True,1,,,0,
MKT-SIGN-BUTTERS,0,Marketing Materials:2x5 Shelf Talker - Butters,True,1,Each,,0,
MKT-SIGN-BARS,0,Marketing Materials:2x5 Shelf Talker - Bars,True,1,Each,,0,
SHELF DISPLAYS - Foam,0,Marketing Materials:Each,False,1,Each,,0,
MKT-SIGN-LOGO-TIN,0,Marketing Materials:Large Tin Logo Sign,True,1,Each,,0,
MKT-SIGN-BIGPRAISE,0,Marketing Materials:Large Big Praise Foamboard Sign,True,1,Each,,0,
MKT-SIGN-ABOUTUS,0,Marketing Materials:About BSR Card,True,1,Each,,0,
MKT-STICKERS-LOGO,0,Marketing Materials:Stickers - Logo,True,1,Each,,0,
MKT-SIGN-LOGO-FOAM,0,Marketing Materials:Logo Foam Sign,True,1,Each,,0,
MKT-SIGN-CHECKLIST,0,Marketing Materials:Checklist Card,True,1,Each,,0,
MKT-MAT-CARDS,0.2664,Marketing Materials:BSR Business Cards,True,1,Each,,0,
MKT-MAT-GIFT,0.29938,Marketing Materials:Gift Note Card,True,1,Each,,0,
MKT-STICKERS-OCTO,0.1625,Marketing Materials:Stickers - Octopus,True,1,Each,,0,
MKT-STICKERS-BEAR,0.1625,Marketing Materials:Stickers - Bear,True,1,Each,,0,
MERCH-CYL-CAP,11.56,Cycling Cap,True,1,Each,,0,
MERCH-T-PNUT,0,2018 BSR T-shirt - Peanut Plant,True,1,Each,,0,
MERCH-T-PNUT-U-XL,8.19,2018 BSR T-shirt - Peanut Plant:Unisex XL,True,1,Each,,0,
MERCH-T-PNUT-U-L,8.19,2018 BSR T-shirt - Peanut Plant:Unisex Large,True,1,Each,,0,
MERCH-T-PNUT-U-M,8.19,2018 BSR T-shirt - Peanut Plant:Unisex Medium,True,1,Each,,0,
MERCH-T-PNUT-U-S,8.19,2018 BSR T-shirt - Peanut Plant:Unisex Small,True,1,Each,,0,
MERCH-T-PNUT-W-XL,7.39,2018 BSR T-shirt - Peanut Plant:Women's XL,True,1,Each,,0,
MERCH-T-PNUT-W-L,7.39,2018 BSR T-shirt - Peanut Plant:Women's Large,True,1,Each,,0,
MERCH-T-PNUT-W-M,7.39,2018 BSR T-shirt - Peanut Plant:Women's Medium,True,1,Each,,0,
MERCH-T-PNUT-W-S,7.39,2018 BSR T-shirt - Peanut Plant:Women's Small,True,1,Each,,0,
MERCH-SILV-SPOON,7.29,Silver-plated Big Spoon,True,1,Each,,0,
SJD1706,7.54,Ancho Chiles,True,1,10 lb,,1,lb
255,1.5,Apricots - Diced,True,1,28 lb,,1,lb
12116120,3.85,Cashews - Organic,True,1,50 lb,,1,lb
001A,14.24,Chai Spice Mix,True,1,25 lb,,1,lb
CHSPO12010Z,5.7,Cherries,True,1,10 lb,,1,lb
1086,3.45,Almonds,True,1,50 lb,,1,lb
345037P,10.29,Chocolate - 81%,True,1,6.6 lb,,1,lb
990042,8.55,Coconut Oil,True,1,2 lb,,1,lb
250220,2.34,Grapeseed Oil,True,1,10.57 lb,,1,lb
181242,1.79,Oats - Gluten Free,True,1,50 lb,,1,
NSSU155,1.92,Sugar - Raw,True,1,25 lb,,1,lb
I-ESP-GGET,8.65,Espresso - Go Get'em Tiger,True,1,5 lb,,1,lb
I-ESP-TWALK,10.35,Espresso - Tigerwalk,True,1,5 lb,,1,lb
20144,6.39,Ginger - Chips,True,1,,,1,lb
93040O,6.5,Maple Sugar,True,1,40 lb,,1,lb
91040O,6.5,Maple Powder,True,1,40 lb,,1,lb
12128220,1.88,Coconut - Unsweetened,True,1,20 lb,,1,lb
MORSEL-5KG,11.36,Chocolate - Morsels,True,1,11.02 lb,,1,lb
CRNGDO12025U,2.65,Cranberries,True,1,25 lb,,1,lb
No. 070,1.9,Figs - Diced,True,1,22 lb,,1,lb
30073,6.25,Hazelnuts,True,1,25 lb,,1,lb
23012,2.6,Honey - Organic,True,1,60 lb,,1,lb
I-PECANS-ORG,6.25,Pecans,True,1,30 lb,,1,lb
I-PEPITAS,3.15,Pepitas,True,1,25 lb,,1,lb
QUINOAFLK50#B-O,2.08,Quinoa - Flakes,True,1,60 lb,,1,lb
I-SORGHUM,2.22,Sorghum,True,1,60 lb,,1,lb
KOSH#10,4.92,Salt,True,1,10 lb,,1,lb
SJH34407,1.79,Cinnamon,True,1,25 lb,,1,lb
SJD2906,5.91,Guajillo Chiles,True,1,10 lb,,1,lb
SJD0804,2.21,Habanero Chiles,True,1,1 lb,,1,lb
VANPOWLB,50.1,Vanilla Powder,True,1,1 lb,,1,lb
ORBLSP,1.95,Peanuts - Organic,True,1,30 lb,,1,lb
I-CHOC-NIBS,9.75,Chocolate - Nibs,True,1,10 lb,,1,lb
L90D,1.85,Inulin,True,1,617 lb drum,,1,lb
OGFCQ-136,5.72,Quinoa - Crisps,True,1,25 lb,,1,lb
A4-15,4.88,Coconut Crystals,True,1,27.5 lb,,1,lb
870H,3.9,Pea Protein,True,1,44.1 lb,,1,lb
LABEL-NB-130Z,0,Label-NB-13 oz,True,1,Each,,0,
WT154674CF,0.17,Label-NB-13 oz:Almond Butter,True,1,Each,,0,
WT154676CF,0.17,Label-NB-13 oz:Cashew Butter,True,1,Each,,0,
WT154681CF,0.17,Label-NB-13 oz:Chai Spice,True,1,Each,,0,
WT154678CF,0.17,Label-NB-13 oz:Chocolate Sea Salt,True,1,Each,,0,
WT154677CF,0.17,Label-NB-13 oz:Fiji Ginger,True,1,Each,,0,
WT154682CF,0.12,Label-NB-13 oz:GGet Espresso,True,1,Each,,0,
WT154680CF,0.17,Label-NB-13 oz:Hot Mamba,True,1,Each,,0,
WT154679CF,0.17,Label-NB-13 oz:Maple Cinnamon,True,1,Each,,0,
WT154673CF,0.17,Label-NB-13 oz:Peanut Butter,True,1,Each,,0,
WT154684CF,0.17,Label-NB-13 oz:Peanut Pecan,True,1,Each,,0,
WT154683CF,0.17,Label-NB-13 oz:Toasted Coconut,True,1,Each,,0,
WT161820CF,0.17,Label-NB-13 oz:Wag Butter,True,1,Each,,0,
LABEL-NB-100Z,0,Labels - NB - 10 oz,True,1,Each,,0,
WT147099CF,0.13,Labels - NB - 10 oz:Tigerwalk Espresso,True,1,Each,,0,
LABEL-NB-LTD-CCCG,0.09,Labels - NB - 10 oz:Ltd Batch - CCC Gianduja,True,1,Each,,0,
LABEL-NB-LTD-PEP,0.09,Labels - NB - 10 oz:Ltd Batch - Pepperfest,True,1,Each,,0,
LABEL-NB-LTD-LCASH,0.09,Labels - NB - 10 oz:Ltd Batch - Lemon Cashew,True,1,Each,,0,
LABEL-NB-LTD-CCAKE,0.09,Labels - NB - 10 oz:Ltd Batch - Carrot Cake Walnut,True,1,Each,,0,
LABEL-NB-LTD-PPIE,0.09,Labels - NB - 10 oz:Ltd Batch - Sorghum Pecan Pie,True,1,Each,,0,
LABEL-NB-LTD-FGPNUT,0.09,Labels - NB - 10 oz:Ltd Batch - Fiji Ginger Peanut,True,1,Each,,0,
WT119602CF,0,Labels - NB - 10 oz:Peanut Almond,True,1,Each,,0,
WT148383CF,0.09,Labels - NB - 10 oz:Counter Culture Espresso,True,1,Each,,0,
WT148401CF,0.09,Labels - NB - 10 oz:Carrboro Espresso,True,1,Each,,0,
WT148394CF,0.09,Labels - NB - 10 oz:Peanut Cocoa,True,1,Each,,0,
WT148393CF,0.09,Labels - NB - 10 oz:Peanut Cashew,True,1,Each,,0,
NB-LABEL-30Z,0,Label-NB-3oz,True,1,Each,,0,
WT156081CF,0.16,Label-NB-3oz:Chai Spice,True,1,Each,,0,
WT156083CF,0.16,Label-NB-3oz:Fiji Ginger,True,1,Each,,0,
WT156082CF,0.16,Label-NB-3oz:Maple Cinnamon,True,1,Each,,0,
WT156080CF,0.16,Label-NB-3oz:Peanut Butter,True,1,Each,,0,
WT156085CF,0.16,Label-NB-3oz:Chocolate Sea Salt,True,1,Each,,0,
WT156084CF,0.16,Label-NB-3oz:Almond Butter,True,1,Each,,0,
WT156086CF,0.16,Label-NB-3oz:Toasted Coconut,True,1,Each,,0,
LABEL-NB-1PACK,0,Label-NB-1Pack,True,1,Each,,0,
WT158151CF,0.12,Label-NB-1Pack:Almond Butter,True,1,Each,,0,
WT157272CF,0.12,Label-NB-1Pack:Chai,True,1,Each,,0,
WT159032CF,0.12,Label-NB-1Pack:Chocolate Sea Salt,True,1,Each,,0,
WT159029CF,0.12,Label-NB-1Pack:GGet Espresso,True,1,Each,,0,
WT157276CF,0.12,Label-NB-1Pack:Fiji Ginger,True,1,Each,,0,
WT158147CF,0.12,Label-NB-1Pack:Hot Mamba,True,1,Each,,0,
WT157274CF,0.12,Label-NB-1Pack:Maple Cinnamon,True,1,Each,,0,
WT157270CF,0.12,Label-NB-1Pack:Peanut Butter,True,1,Each,,0,
WT158149CF,0.12,Label-NB-1Pack:Peanut Pecan,True,1,Each,,0,
WT158153CF,0.12,Label-NB-1Pack:Toasted Coconut,True,1,Each,,0,
LABEL-NB-2PACK,0,Label-NB-2Pack,True,1,Each,,0,
WT158152CF,0.12,Label-NB-2Pack:Almond Butter,True,1,Each,,0,
WT157273CF,0.12,Label-NB-2Pack:Chai,True,1,Each,,0,
WT159033CF,0.12,Label-NB-2Pack:Chocolate Sea Salt,True,1,Each,,0,
WT159030CF,0.12,Label-NB-2Pack:GGet Espresso,True,1,Each,,0,
WT157277CF,0.12,Label-NB-2Pack:Fiji Ginger,True,1,Each,,0,
WT158148CF,0.12,Label-NB-2Pack:Hot Mamba,True,1,Each,,0,
WT157275CF,0.12,Label-NB-2Pack:Maple Cinnamon,True,1,Each,,0,
WT157271CF,0.12,Label-NB-2Pack:Peanut Butter,True,1,Each,,0,
WT158150CF,0.12,Label-NB-2Pack:Peanut Pecan,True,1,Each,,0,
WT158154CF,0.12,Label-NB-2Pack:Toasted Coconut,True,1,Each,,0,
LABEL-NB-OTHER,0,Label-NB-Other,True,1,Each,,0,
S-13166,0.01,Label-NB-Other:Best by,True,1,Each,,0,
NB-LABEL-GIFT4U,0.44,Label-NB-Other:Gift,True,1,Each,,0,
WT156077CF,0.08,Label-NB-Other:13 oz Lid,True,1,Each,,0,
LABEL-NB-LID-LTD,0.19,Label-NB-Other:Ltd Batch Lid,True,1,Each,,0,
WT142661CF,0.25,Label-NB-Other:Bulk - Sequential,True,1,Each,,0,
WT157224CF,0.44,Label-NB-Other:PNUT-MPC-CHAI-FGIN,True,1,Each,,0,
WT157431CF,0.44,Label-NB-Other:ALM-CSS-FGIN-TCO,True,1,Each,,0,
WT161823CF,0.19,Label-NB-Other:Wag Butter Lid,True,1,Each,,0,
PKG-NB,0,NB Packaging,True,1,Each,,0,
G10-70-450BIGSPOON01-28,0.2,NB Packaging:10 oz Jar,True,1,Each,,0,
G12-70-450ECO02-2,0.27,NB Packaging:13 oz Jar,True,1,Each,,0,
PKG-JAR-4OZ,0.21416,NB Packaging:4 oz Jar,True,1,Each,,0,
C70G-450GGMLP-5,0.11,NB Packaging:Jar Lid,True,1,Each,,0,
PL09W,0.5,NB Packaging:1 Gal Lid,True,1,Each,,0,
P009,1.63,NB Packaging:1 Gal Bucket,True,1,Each,,0,
S-9948,1.65,NB Packaging:5 Gal Lid,True,1,Each,,0,
S-7914,5.05,NB Packaging:5 Gal Bucket,True,1,Each,,0,
44W64W,1.51,NB Packaging:Half Gal Bucket,True,1,Each,,0,
44W64L,0.69,NB Packaging:Half Gal Lid,True,1,Each,,0,
PKG-BOX-2PK-4PK,0.49,NB Packaging:2-4-Pack Box,True,1,Each,,0,
101006,1,NB Packaging:Gift Box,True,1,Each,,0,
LABEL-BAR,0,Label-Bar,True,1,Each,,0,
25488,0.087,Label-Bar:AP Rollstock,True,1,Impression,,0,
25490,0.087,Label-Bar:CP Rollstock,True,1,Impression,,0,
25492,0.087,Label-Bar:CC Rollstock,True,1,Impression,,0,
25494,0.087,Label-Bar:FC Rollstock,True,1,Impression,,0,
WT149183CF,0.04,Label-Bar:AP Box,True,1,Each,,0,
WT149187CF,0.04,Label-Bar:CC Box,True,1,Each,,0,
WT149184CF,0.04,Label-Bar:CP Box,True,1,Each,,0,
WT149189CF,0.04,Label-Bar:FC Box,True,1,Each,,0,
LABEL-BAR-BOX-VP,0.04,Label-Bar:VP Box,True,1,Each,,0,
26494,0.087,Label-Bar:Blank Rollstock,True,1,Impression,,0,
PKG-BAR,0,Bar Packaging,True,1,Each,,0,
PKG-BAR-BOX,0.52,Bar Packaging:Bar Box,True,1,Each,,0,
PKG-SHIPPING,0,Shipping Packaging,True,1,Each,,0,
1186,0.7,Shipping Packaging:Box - 11.25x8.75x6,True,1,Each,,0,
121010,0.74,Shipping Packaging:Box - 12x10x10,True,1,Each,,0,
666,0.9,Shipping Packaging:Box - 6x6x6,True,1,Each,,0,
966,0.48,Shipping Packaging:Box - 9x6x6,True,1,Each,,0,
986,0.6,Shipping Packaging:Box - 9x8x6,True,1,Each,,0,
12717,0.35,"Shipping Packaging:Box - Protector Pad, 3-4 PK",True,1,Each,,0,
12912,0.22,Shipping Packaging:Box - Small Protector Pad insert,True,1,Each,,0,
36804,0.671,Shipping Packaging:Box Filler 30 5/16 x 15 1/4,True,1,Each,,0,
674067,38.23,Shipping Packaging:104618 COLONIAL 72MMX100M 1.6MIL,True,1,CASE,,0,
74045,55.11,"Shipping Packaging:18""X1500' STRETCH FLEX 80GA FILM",False,1,CASE,,0,
371012,60.08,Shipping Packaging:CLEAR 72MMX100M BOX TAPE 2.0 MIL,True,1,CASE,,0,
180048,13.91,"Shipping Packaging:Kraft Paper Roll - 24"" 40 lb",True,1,Each,,0,
Sq100,292,"Shipping Packaging:Ribbon - SQ100 Gen Purpose wax/resin, 33mm x 600m Black - 1 case (25/case)",True,1,Each,,0,
2201,1.71,Shipping Packaging:Shipping Box 1-2 Level,True,1,Each,,0,
15239,1.84,Shipping Packaging:Shipping Box 3-4 Level,True,1,Each,,0,
153311W,48.49,"Shipping Packaging:Ranpak Machine Roll, White",False,1,Each,,0,
5010000VK,48.49,"Shipping Packaging:Ranpak Machine Roll, Kraft",False,1,Each,,0,
S-13609,0.71,Shipping Packaging:Poly Mailer 15x20x4 Expansion,True,1,Each,,0,
126382,1556.58,"Shipping Packaging:Ranpak Machine Roll, Mixed Pallet",True,1,Pallet (30 rolls),30.0,0,
031026,38.89,Shipping Packaging:15.7x1476 Stretch Film,True,1,Box,,0,
S-15895,1.02,Shipping Packaging:Poly Mailer 20x24x4 Expansion,True,1,Each,,0,
39876,0.36,Shipping Packaging:Box - 9x7x6,True,1,Each,,0,
005836,62.59,Shipping Packaging:Hot Melt Smart Clear Tape,True,1,Each,,0,
39877,0.547,Shipping Packaging:Box - 11.5x9x6,True,1,Pallet (750 boxes),,0,
GS-GLOVES,0,Gloves,True,1,,,0,
198149,35.83,Gloves:Latex - Small,True,1,CASE,,0,
198153,41.98,Gloves:Nitrile - Small,True,1,CASE,,0,
198154,41.98,Gloves:Nitrile - Medium,True,1,CASE,,0,
198155,41.98,Gloves:Nitrile - Large,True,1,1000/CASE,,0,
GS-PROTECTS,0,Protective Coverings,True,1,,,0,
14002,25.13,"Protective Coverings:Cap - 21""",True,1,CASE,,0,
553050,30.87,Protective Coverings:Cap - ?,True,1,CASE,,0,
697083,2.9,"Protective Coverings:Cap - 24""",True,1,BAG,,0,
310017,2.54,Protective Coverings:Beard,True,1,PACK,,0,
54040,18.19,Protective Coverings:Shoe,True,1,CASE,,0,
GS-OTHER,0,Other Supplies,True,1,,,0,
600555,39.67,Other Supplies:TP,True,1,CASE,,0,
27344,53.47,Other Supplies:Handwash Paper Towels,True,1,CASE,,0,
600100,23.93,Other Supplies:Prod Paper Towels,True,1,CASE,,0,
125713,27.85,Other Supplies:Trash Bags,True,1,CASE,,0,
8092,39.91,Other Supplies:Pan Liners,True,1,CASE,,0,
CO-1123,885,Other Supplies:Alpet 70/30 - 50 gal drum,True,1,50g Drum,,0,
CO-1082,67.52,Other Supplies:Alpet QE2 Sanitizing Foam Soap,True,1,Case (6*1.5L),,0,
ALPET-16OZ,2.21,Other Supplies:16oz Alpet,True,1,,,16,oz
MERCH-JAM,0,Featured Jam,True,1,,,0,
MERCH-JAM-OCT19,7,Featured Jam:Lemon Bird Preserves Bourbon Figs with Vanilla & Smoked Salt,False,1,,,0,
MERCH-JAM-DEC19,6.96,Featured Jam:Girl Meets Dirt Pear Balsamic,False,1,7.75 oz,1.0,1.13,lb
MERCH-JAM-BLENAPRICOT,7,Featured Jam:Lemon Bird Preserves Blenheim Apricot,False,1,,,0,
MERCH-JAM-FLAVPLUMCOT,6,Featured Jam:Lemon Bird Preserves Flavorella Plumcot,False,1,,,0,
MERCH-JAM-PEARGINGER,6,Featured Jam:Lemon Bird Preserves Pear Ginger,False,1,,,0,
MERCH-JAM-FIDDLEHEAD,6.5,Featured Jam:Fiddlehead Farm Jams,False,1,,,0,
MERCH-JAM-NOV19,6,Featured Jam:Urban Canning Co. Spiced Apple,False,1,,,0,
MERCH-JAM-JAN20,4.58,Featured Jam:Brins Strawberry Lemongrass,False,1,,,0,
MERCH-JAM-FEB20,8.33,Featured Jam:Frog Hollow Farm Organic Blood Orange & Strawberry Marmalade,True,1,,,0,
MERCH-JAM-MAR20,7.25,Featured Jam:V Smiley Preserves Black Currant Shiro Plum,True,12,,,1.5,lb
MERCH-JAM-APRIL20,4.5,Featured Jam:Potlicker Kitchen Pear Ginger Jam,True,1,,,1.5,lb
GRANOLA,2.75,Michele's Granola,True,1,20 lb,,1,lb
2123,16.99,Lemon Powder,True,1,,,0,
LABEL-GENERAL,0,LABEL-GENERAL,True,1,,,0,
WT137957CF,0.12,LABEL-GENERAL:Made with BSR,True,1,,,0,
RPS,1.05,Conventional Peanuts,True,1,30lb ,,1,lb
0560,0,Guittard Onyx 72% Bittersweet Chocolate Callets,True,1,,0.0,1,lb
1309922,0,Chia Seeds,True,1,3 lb,,1,lb
36285,4.13,Walnuts,True,1,,,1,lb
SJH6000,5.43,Allspice,True,1,25 lb,,1,lb
SJH 8500,10.3,Nutmeg,True,1,25 lb,,1,lb
