sku,cost_price,fully_qualified_name,active,incremental_order_quantity,pack_size,stock,weight,weight_units,0,0,0
NB-ALM-13OZ-1PACK,0,"Nut Butter, 13 oz Single Jar Pack:Almond Butter",TRUE,1,1/13oz Pack,"[{'id': 198619, 'on_hand': '0', 'available': '-125', 'committed': '125', 'backorderable': True, 'stock_location_name': 'Big Spoon Roasters Production Facility'}]",0,,,,
NB-CASH-13OZ-1PACK,0,"Nut Butter, 13 oz Single Jar Pack:Cashew Butter",FALSE,1,1/13oz Pack,"[{'id': 198620, 'on_hand': '0', 'available': '0', 'committed': '0', 'backorderable': False, 'stock_location_name': 'Big Spoon Roasters Production Facility'}]",0,,,,
NB-CHAI-13OZ-1PACK,0,"Nut Butter, 13 oz Single Jar Pack:Chai Spice",TRUE,1,1/13oz Pack,"[{'id': 198621, 'on_hand': '0', 'available': '-100', 'committed': '100', 'backorderable': True, 'stock_location_name': 'Big Spoon Roasters Production Facility'}]",0,,,,
NB-CSS-13OZ-1PACK,0,"Nut Butter, 13 oz Single Jar Pack:Chocolate Sea Salt",TRUE,1,1/13oz Pack,"[{'id': 198622, 'on_hand': '0', 'available': '-125', 'committed': '125', 'backorderable': True, 'stock_location_name': 'Big Spoon Roasters Production Facility'}]",0,,,,
NB-FGIN-13OZ-1PACK,0,"Nut Butter, 13 oz Single Jar Pack:Fiji Ginger",TRUE,1,1/13oz Pack,"[{'id': 198623, 'on_hand': '0', 'available': '-125', 'committed': '125', 'backorderable': True, 'stock_location_name': 'Big Spoon Roasters Production Facility'}]",0,,,,
NB-GGET-13OZ-1PACK,0,"Nut Butter, 13 oz Single Jar Pack:GGet Espresso",TRUE,1,1/13oz Pack,"[{'id': 198624, 'on_hand': '0', 'available': '0', 'committed': '0', 'backorderable': True, 'stock_location_name': 'Big Spoon Roasters Production Facility'}]",0,,,,
NB-MAMBA-13OZ-1PACK,0,"Nut Butter, 13 oz Single Jar Pack:Hot Mamba",TRUE,1,1/13oz Pack,"[{'id': 198625, 'on_hand': '0', 'available': '0', 'committed': '0', 'backorderable': True, 'stock_location_name': 'Big Spoon Roasters Production Facility'}]",0,,,,
NB-MPC-13OZ-1PACK,0,"Nut Butter, 13 oz Single Jar Pack:Maple Cinnamon",TRUE,1,1/13oz Pack,"[{'id': 198626, 'on_hand': '0', 'available': '-100', 'committed': '100', 'backorderable': True, 'stock_location_name': 'Big Spoon Roasters Production Facility'}]",0,,,,
NB-PNUT-13OZ-1PACK,0,"Nut Butter, 13 oz Single Jar Pack:Peanut Butter",TRUE,1,1/13oz Pack,"[{'id': 198627, 'on_hand': '0', 'available': '-250', 'committed': '250', 'backorderable': True, 'stock_location_name': 'Big Spoon Roasters Production Facility'}]",0,,,,
NB-PPEC-13OZ-1PACK,0,"Nut Butter, 13 oz Single Jar Pack:Peanut Pecan",TRUE,1,1/13oz Pack,"[{'id': 198628, 'on_hand': '0', 'available': '-75', 'committed': '75', 'backorderable': True, 'stock_location_name': 'Big Spoon Roasters Production Facility'}]",0,,,,
NB-TCO-13OZ-1PACK,0,"Nut Butter, 13 oz Single Jar Pack:Toasted Coconut",TRUE,1,1/13oz Pack,"[{'id': 198629, 'on_hand': '0', 'available': '0', 'committed': '0', 'backorderable': True, 'stock_location_name': 'Big Spoon Roasters Production Facility'}]",0,,,,
NB-ALM-13OZ-2PACK,0,"Nut Butter, 2-Pack 13 oz Jar:Almond Butter",TRUE,1,2/13oz Pack,"[{'id': 198631, 'on_hand': '0', 'available': '-30', 'committed': '30', 'backorderable': True, 'stock_location_name': 'Big Spoon Roasters Production Facility'}]",0,,,,
NB-CASH-13OZ-2PACK,0,"Nut Butter, 2-Pack 13 oz Jar:Cashew Butter",FALSE,1,2/13oz Pack,"[{'id': 198632, 'on_hand': '0', 'available': '0', 'committed': '0', 'backorderable': False, 'stock_location_name': 'Big Spoon Roasters Production Facility'}]",0,,,,
NB-CHAI-13OZ-2PACK,0,"Nut Butter, 2-Pack 13 oz Jar:Chai Spice",TRUE,1,2/13oz Pack,"[{'id': 198633, 'on_hand': '0', 'available': '0', 'committed': '0', 'backorderable': True, 'stock_location_name': 'Big Spoon Roasters Production Facility'}]",0,,,,
NB-CSS-13OZ-2PACK,0,"Nut Butter, 2-Pack 13 oz Jar:Chocolate Sea Salt",TRUE,1,2/13oz Pack,"[{'id': 198634, 'on_hand': '0', 'available': '0', 'committed': '0', 'backorderable': True, 'stock_location_name': 'Big Spoon Roasters Production Facility'}]",0,,,,
NB-FGIN-13OZ-2PACK,0,"Nut Butter, 2-Pack 13 oz Jar:Fiji Ginger",TRUE,1,2/13oz Pack,"[{'id': 198635, 'on_hand': '0', 'available': '-30', 'committed': '30', 'backorderable': True, 'stock_location_name': 'Big Spoon Roasters Production Facility'}]",0,,,,
NB-GGET-13OZ-2PACK,0,"Nut Butter, 2-Pack 13 oz Jar:GGet Espresso",TRUE,1,2/13oz Pack,"[{'id': 198636, 'on_hand': '0', 'available': '0', 'committed': '0', 'backorderable': True, 'stock_location_name': 'Big Spoon Roasters Production Facility'}]",0,,,,
NB-MAMBA-13OZ-2PACK,0,"Nut Butter, 2-Pack 13 oz Jar:Hot Mamba",TRUE,1,2/13oz Pack,"[{'id': 198637, 'on_hand': '0', 'available': '0', 'committed': '0', 'backorderable': True, 'stock_location_name': 'Big Spoon Roasters Production Facility'}]",0,,,,
NB-MPC-13OZ-2PACK,0,"Nut Butter, 2-Pack 13 oz Jar:Maple Cinnamon",TRUE,1,2/13oz Pack,"[{'id': 198638, 'on_hand': '0', 'available': '0', 'committed': '0', 'backorderable': True, 'stock_location_name': 'Big Spoon Roasters Production Facility'}]",0,,,,
NB-PNUT-13OZ-2PACK,0,"Nut Butter, 2-Pack 13 oz Jar:Peanut Butter",TRUE,1,2/13oz Pack,"[{'id': 198639, 'on_hand': '0', 'available': '-90', 'committed': '90', 'backorderable': True, 'stock_location_name': 'Big Spoon Roasters Production Facility'}]",0,,,,
NB-PPEC-13OZ-2PACK,0,"Nut Butter, 2-Pack 13 oz Jar:Peanut Pecan",TRUE,1,2/13oz Pack,"[{'id': 198640, 'on_hand': '0', 'available': '-30', 'committed': '30', 'backorderable': True, 'stock_location_name': 'Big Spoon Roasters Production Facility'}]",0,,,,
NB-TCO-13OZ-2PACK,0,"Nut Butter, 2-Pack 13 oz Jar:Toasted Coconut",TRUE,1,2/13oz Pack,"[{'id': 198641, 'on_hand': '0', 'available': '-15', 'committed': '15', 'backorderable': True, 'stock_location_name': 'Big Spoon Roasters Production Facility'}]",0,,,,
NB-ALM-130Z-SAMPLE,0,"Nut Butter, 13 oz Single Jar Sample:Almond Butter",TRUE,1,2/13oz Pack,"[{'id': 199033, 'on_hand': '0', 'available': '0', 'committed': '0', 'backorderable': True, 'stock_location_name': 'Big Spoon Roasters Production Facility'}]",1.38,,,,
NB-CASH-13OZ-SAMPLE,0,"Nut Butter, 13 oz Single Jar Sample:Cashew Butter",TRUE,1,2/13oz Pack,"[{'id': 199035, 'on_hand': '0', 'available': '0', 'committed': '0', 'backorderable': True, 'stock_location_name': 'Big Spoon Roasters Production Facility'}]",1.38,,,,
NB-CHAI-13OZ-SAMPLE,0,"Nut Butter, 13 oz Single Jar Sample:Chai Spice",TRUE,1,2/13oz Pack,"[{'id': 199036, 'on_hand': '0', 'available': '0', 'committed': '0', 'backorderable': True, 'stock_location_name': 'Big Spoon Roasters Production Facility'}]",1.38,,,,
NB-CSS-13OZ-SAMPLE,0,"Nut Butter, 13 oz Single Jar Sample:Chocolate Sea Salt",TRUE,1,2/13oz Pack,"[{'id': 199037, 'on_hand': '0', 'available': '0', 'committed': '0', 'backorderable': True, 'stock_location_name': 'Big Spoon Roasters Production Facility'}]",1.38,,,,
NB-FGIN-13OZ-SAMPLE,0,"Nut Butter, 13 oz Single Jar Sample:Fiji Ginger",TRUE,1,2/13oz Pack,"[{'id': 199038, 'on_hand': '0', 'available': '0', 'committed': '0', 'backorderable': True, 'stock_location_name': 'Big Spoon Roasters Production Facility'}]",1.38,,,,
NB-GGET-13OZ-SAMPLE,0,"Nut Butter, 13 oz Single Jar Sample:GGet Espresso",TRUE,1,2/13oz Pack,"[{'id': 199039, 'on_hand': '0', 'available': '0', 'committed': '0', 'backorderable': True, 'stock_location_name': 'Big Spoon Roasters Production Facility'}]",1.38,,,,
NB-MAMBA-13OZ-SAMPLE,0,"Nut Butter, 13 oz Single Jar Sample:Hot Mamba",TRUE,1,2/13oz Pack,"[{'id': 199040, 'on_hand': '0', 'available': '0', 'committed': '0', 'backorderable': True, 'stock_location_name': 'Big Spoon Roasters Production Facility'}]",1.38,,,,
NB-MPC-13OZ-SAMPLE,0,"Nut Butter, 13 oz Single Jar Sample:Maple Cinnamon",TRUE,1,2/13oz Pack,"[{'id': 199041, 'on_hand': '0', 'available': '0', 'committed': '0', 'backorderable': True, 'stock_location_name': 'Big Spoon Roasters Production Facility'}]",1.38,,,,
NB-PNUT-13OZ-SAMPLE,0,"Nut Butter, 13 oz Single Jar Sample:Peanut Butter",TRUE,1,2/13oz Pack,"[{'id': 199042, 'on_hand': '0', 'available': '0', 'committed': '0', 'backorderable': True, 'stock_location_name': 'Big Spoon Roasters Production Facility'}]",1.38,,,,
NB-PPEC-13OZ-SAMPLE,0,"Nut Butter, 13 oz Single Jar Sample:Peanut Pecan",TRUE,1,2/13oz Pack,"[{'id': 199043, 'on_hand': '0', 'available': '0', 'committed': '0', 'backorderable': True, 'stock_location_name': 'Big Spoon Roasters Production Facility'}]",1.38,,,,
NB-TCO-13OZ-SAMPLE,0,"Nut Butter, 13 oz Single Jar Sample:Toasted Coconut",TRUE,1,2/13oz Pack,"[{'id': 199044, 'on_hand': '0', 'available': '0', 'committed': '0', 'backorderable': True, 'stock_location_name': 'Big Spoon Roasters Production Facility'}]",1.38,,,,
NB-ALM-13OZ-1PACK-GIFT,0,"Nut Butter, 13 oz Single Jar Gift Pack:Almond Butter",TRUE,1,1/13oz Pack,"[{'id': 199387, 'on_hand': '0', 'available': '0', 'committed': '0', 'backorderable': True, 'stock_location_name': 'Big Spoon Roasters Production Facility'}]",20,,,,
NB-CASH-13OZ-1PACK-GIFT,0,"Nut Butter, 13 oz Single Jar Gift Pack:Cashew Butter",TRUE,1,1/13oz Pack,"[{'id': 199388, 'on_hand': '0', 'available': '0', 'committed': '0', 'backorderable': True, 'stock_location_name': 'Big Spoon Roasters Production Facility'}]",20,,,,
NB-CHAI-13OZ-1PACK-GIFT,0,"Nut Butter, 13 oz Single Jar Gift Pack:Chai Spice",TRUE,1,1/13oz Pack,"[{'id': 199389, 'on_hand': '0', 'available': '0', 'committed': '0', 'backorderable': True, 'stock_location_name': 'Big Spoon Roasters Production Facility'}]",20,,,,
NB-CSS-13OZ-1PACK-GIFT,0,"Nut Butter, 13 oz Single Jar Gift Pack:Chocolate Sea Salt",TRUE,1,1/13oz Pack,"[{'id': 199390, 'on_hand': '0', 'available': '0', 'committed': '0', 'backorderable': True, 'stock_location_name': 'Big Spoon Roasters Production Facility'}]",20,,,,
NB-FGIN-13OZ-1PACK-GIFT,0,"Nut Butter, 13 oz Single Jar Gift Pack:Fiji Ginger",TRUE,1,1/13oz Pack,"[{'id': 199391, 'on_hand': '0', 'available': '0', 'committed': '0', 'backorderable': True, 'stock_location_name': 'Big Spoon Roasters Production Facility'}]",20,,,,
NB-GGET-13OZ-1PACK-GIFT,0,"Nut Butter, 13 oz Single Jar Gift Pack:GGet Espresso",TRUE,1,1/13oz Pack,"[{'id': 199392, 'on_hand': '0', 'available': '0', 'committed': '0', 'backorderable': True, 'stock_location_name': 'Big Spoon Roasters Production Facility'}]",20,,,,
NB-MAMBA-13OZ-1PACK-GIFT,0,"Nut Butter, 13 oz Single Jar Gift Pack:Hot Mamba",TRUE,1,1/13oz Pack,"[{'id': 199393, 'on_hand': '0', 'available': '0', 'committed': '0', 'backorderable': True, 'stock_location_name': 'Big Spoon Roasters Production Facility'}]",20,,,,
NB-MPC-13OZ-1PACK-GIFT,0,"Nut Butter, 13 oz Single Jar Gift Pack:Maple Cinnamon",TRUE,1,1/13oz Pack,"[{'id': 199394, 'on_hand': '0', 'available': '0', 'committed': '0', 'backorderable': True, 'stock_location_name': 'Big Spoon Roasters Production Facility'}]",20,,,,
NB-PNUT-13OZ-1PACK-GIFT,0,"Nut Butter, 13 oz Single Jar Gift Pack:Peanut Butter",TRUE,1,1/13oz Pack,"[{'id': 199395, 'on_hand': '0', 'available': '-1', 'committed': '1', 'backorderable': True, 'stock_location_name': 'Big Spoon Roasters Production Facility'}]",20,,,,
NB-PPEC-13OZ-1PACK-GIFT,0,"Nut Butter, 13 oz Single Jar Gift Pack:Peanut Pecan",TRUE,1,1/13oz Pack,"[{'id': 199396, 'on_hand': '0', 'available': '0', 'committed': '0', 'backorderable': True, 'stock_location_name': 'Big Spoon Roasters Production Facility'}]",20,,,,
NB-TCO-13OZ-1PACK-GIFT,0,"Nut Butter, 13 oz Single Jar Gift Pack:Toasted Coconut",TRUE,1,1/13oz Pack,"[{'id': 199397, 'on_hand': '0', 'available': '0', 'committed': '0', 'backorderable': True, 'stock_location_name': 'Big Spoon Roasters Production Facility'}]",20,,,,
NB-ALM-13OZ-2PACK-GIFT,0,"Nut Butter, 13oz Custom 2 Jar Gift Pack:Almond Butter",TRUE,1,2/13oz Pack,"[{'id': 199399, 'on_hand': '0', 'available': '0', 'committed': '0', 'backorderable': True, 'stock_location_name': 'Big Spoon Roasters Production Facility'}]",30,,,,
NB-CASH-13OZ-2PACK-GIFT,0,"Nut Butter, 13oz Custom 2 Jar Gift Pack:Cashew Butter",TRUE,1,2/13oz Pack,"[{'id': 199400, 'on_hand': '0', 'available': '0', 'committed': '0', 'backorderable': True, 'stock_location_name': 'Big Spoon Roasters Production Facility'}]",30,,,,
NB-CHAI-13OZ-2PACK-GIFT,0,"Nut Butter, 13oz Custom 2 Jar Gift Pack:Chai Spice",TRUE,1,2/13oz Pack,"[{'id': 199401, 'on_hand': '0', 'available': '-1', 'committed': '1', 'backorderable': True, 'stock_location_name': 'Big Spoon Roasters Production Facility'}]",30,,,,
NB-CSS-13OZ-2PACK-GIFT,0,"Nut Butter, 13oz Custom 2 Jar Gift Pack:Chocolate Sea Salt",TRUE,1,2/13oz Pack,"[{'id': 199402, 'on_hand': '0', 'available': '0', 'committed': '0', 'backorderable': True, 'stock_location_name': 'Big Spoon Roasters Production Facility'}]",30,,,,
NB-FGIN-13OZ-2PACK-GIFT,0,"Nut Butter, 13oz Custom 2 Jar Gift Pack:Fiji Ginger",TRUE,1,2/13oz Pack,"[{'id': 199403, 'on_hand': '0', 'available': '0', 'committed': '0', 'backorderable': True, 'stock_location_name': 'Big Spoon Roasters Production Facility'}]",30,,,,
NB-GGET-13OZ-2PACK-GIFT,0,"Nut Butter, 13oz Custom 2 Jar Gift Pack:GGet Espresso",TRUE,1,2/13oz Pack,"[{'id': 199404, 'on_hand': '0', 'available': '0', 'committed': '0', 'backorderable': True, 'stock_location_name': 'Big Spoon Roasters Production Facility'}]",30,,,,
NB-MAMBA-13OZ-2PACK-GIFT,0,"Nut Butter, 13oz Custom 2 Jar Gift Pack:Hot Mamba",TRUE,1,2/13oz Pack,"[{'id': 199405, 'on_hand': '0', 'available': '0', 'committed': '0', 'backorderable': True, 'stock_location_name': 'Big Spoon Roasters Production Facility'}]",30,,,,
NB-MPC-13OZ-2PACK-GIFT,0,"Nut Butter, 13oz Custom 2 Jar Gift Pack:Maple Cinnamon",TRUE,1,2/13oz Pack,"[{'id': 199406, 'on_hand': '0', 'available': '0', 'committed': '0', 'backorderable': True, 'stock_location_name': 'Big Spoon Roasters Production Facility'}]",30,,,,
NB-PNUT-13OZ-2PACK-GIFT,0,"Nut Butter, 13oz Custom 2 Jar Gift Pack:Peanut Butter",TRUE,1,2/13oz Pack,"[{'id': 199407, 'on_hand': '0', 'available': '0', 'committed': '0', 'backorderable': True, 'stock_location_name': 'Big Spoon Roasters Production Facility'}]",30,,,,
NB-PPEC-13OZ-2PACK-GIFT,0,"Nut Butter, 13oz Custom 2 Jar Gift Pack:Peanut Pecan",TRUE,1,2/13oz Pack,"[{'id': 199408, 'on_hand': '0', 'available': '0', 'committed': '0', 'backorderable': True, 'stock_location_name': 'Big Spoon Roasters Production Facility'}]",30,,,,
NB-TCO-13OZ-2PACK-GIFT,0,"Nut Butter, 13oz Custom 2 Jar Gift Pack:Toasted Coconut",TRUE,1,2/13oz Pack,"[{'id': 199409, 'on_hand': '0', 'available': '0', 'committed': '0', 'backorderable': True, 'stock_location_name': 'Big Spoon Roasters Production Facility'}]",30,,,,
NB-ALM-CASH-13OZ-2PACK-GIFT,0,"Nut Butter, 13oz Custom 2 Jar Gift Pack:Almond Butter & Cashew Butter",TRUE,1,2/13oz Pack,"[{'id': 199410, 'on_hand': '0', 'available': '0', 'committed': '0', 'backorderable': True, 'stock_location_name': 'Big Spoon Roasters Production Facility'}]",30,,,,
NB-ALM-CHAI-13OZ-2PACK-GIFT,0,"Nut Butter, 13oz Custom 2 Jar Gift Pack:Almond Butter & Chai Spice",TRUE,1,2/13oz Pack,"[{'id': 199411, 'on_hand': '0', 'available': '0', 'committed': '0', 'backorderable': True, 'stock_location_name': 'Big Spoon Roasters Production Facility'}]",30,,,,
NB-ALM-CSS-13OZ-2PACK-GIFT,0,"Nut Butter, 13oz Custom 2 Jar Gift Pack:Almond Butter & Chocolate Sea Salt",TRUE,1,2/13oz Pack,"[{'id': 199412, 'on_hand': '0', 'available': '-1', 'committed': '1', 'backorderable': True, 'stock_location_name': 'Big Spoon Roasters Production Facility'}]",30,,,,
NB-ALM-FGIN-13OZ-2PACK-GIFT,0,"Nut Butter, 13oz Custom 2 Jar Gift Pack:Almond Butter & Fiji Ginger",TRUE,1,2/13oz Pack,"[{'id': 199413, 'on_hand': '0', 'available': '0', 'committed': '0', 'backorderable': True, 'stock_location_name': 'Big Spoon Roasters Production Facility'}]",30,,,,
NB-ALM-MAMBA-13OZ-2PACK-GIFT,0,"Nut Butter, 13oz Custom 2 Jar Gift Pack:Almond Butter & Hot Mamba",TRUE,1,2/13oz Pack,"[{'id': 199414, 'on_hand': '0', 'available': '0', 'committed': '0', 'backorderable': True, 'stock_location_name': 'Big Spoon Roasters Production Facility'}]",30,,,,
NB-ALM-MPC-13OZ-2PACK-GIFT,0,"Nut Butter, 13oz Custom 2 Jar Gift Pack:Almond Butter & Maple Cinnamon",TRUE,1,2/13oz Pack,"[{'id': 199415, 'on_hand': '0', 'available': '0', 'committed': '0', 'backorderable': True, 'stock_location_name': 'Big Spoon Roasters Production Facility'}]",30,,,,
NB-ALM-PNUT-13OZ-2PACK-GIFT,0,"Nut Butter, 13oz Custom 2 Jar Gift Pack:Almond Butter & Peanut Butter",TRUE,1,2/13oz Pack,"[{'id': 199416, 'on_hand': '0', 'available': '0', 'committed': '0', 'backorderable': True, 'stock_location_name': 'Big Spoon Roasters Production Facility'}]",30,,,,
NB-ALM-PPEC-13OZ-2PACK-GIFT,0,"Nut Butter, 13oz Custom 2 Jar Gift Pack:Almond Butter & Peanut Pecan",TRUE,1,2/13oz Pack,"[{'id': 199417, 'on_hand': '0', 'available': '0', 'committed': '0', 'backorderable': True, 'stock_location_name': 'Big Spoon Roasters Production Facility'}]",30,,,,
NB-ALM-TCO-13OZ-2PACK-GIFT,0,"Nut Butter, 13oz Custom 2 Jar Gift Pack:Almond Butter & Toasted Coconut",TRUE,1,2/13oz Pack,"[{'id': 199418, 'on_hand': '0', 'available': '0', 'committed': '0', 'backorderable': True, 'stock_location_name': 'Big Spoon Roasters Production Facility'}]",30,,,,
NB-CASH-CHAI-13OZ-2PACK-GIFT,0,"Nut Butter, 13oz Custom 2 Jar Gift Pack:Cashew Butter & Chai Spice",TRUE,1,2/13oz Pack,"[{'id': 199419, 'on_hand': '0', 'available': '0', 'committed': '0', 'backorderable': True, 'stock_location_name': 'Big Spoon Roasters Production Facility'}]",30,,,,
NB-CASH-CSS-13OZ-2PACK-GIfT,0,"Nut Butter, 13oz Custom 2 Jar Gift Pack:Cashew Butter & Chocolate Sea Salt",TRUE,1,2/13oz Pack,"[{'id': 199420, 'on_hand': '0', 'available': '0', 'committed': '0', 'backorderable': True, 'stock_location_name': 'Big Spoon Roasters Production Facility'}]",30,,,,
NB-CASH-FGIN-13OZ-2PACK-GIFT,0,"Nut Butter, 13oz Custom 2 Jar Gift Pack:Cashew Butter & Fiji Ginger",TRUE,1,2/13oz Pack,"[{'id': 199421, 'on_hand': '0', 'available': '0', 'committed': '0', 'backorderable': True, 'stock_location_name': 'Big Spoon Roasters Production Facility'}]",30,,,,
NB-CASH-MAMBA-13OZ-2PACK-GIFT,0,"Nut Butter, 13oz Custom 2 Jar Gift Pack:Cashew Butter & Hot Mamba",TRUE,1,2/13oz Pack,"[{'id': 199422, 'on_hand': '0', 'available': '0', 'committed': '0', 'backorderable': True, 'stock_location_name': 'Big Spoon Roasters Production Facility'}]",30,,,,
NB-CASH-MPC-13OZ-2PACK-GIFT,0,"Nut Butter, 13oz Custom 2 Jar Gift Pack:Cashew Butter & Maple Cinnamon",TRUE,1,2/13oz Pack,"[{'id': 199423, 'on_hand': '0', 'available': '0', 'committed': '0', 'backorderable': True, 'stock_location_name': 'Big Spoon Roasters Production Facility'}]",30,,,,
NB-CASH-PNUT-13OZ-2PACK-GIFT,0,"Nut Butter, 13oz Custom 2 Jar Gift Pack:Cashew Butter & Peanut Butter",TRUE,1,2/13oz Pack,"[{'id': 199424, 'on_hand': '0', 'available': '0', 'committed': '0', 'backorderable': True, 'stock_location_name': 'Big Spoon Roasters Production Facility'}]",30,,,,
NB-CASH-PPEC-13OZ-2PACK-GIFT,0,"Nut Butter, 13oz Custom 2 Jar Gift Pack:Cashew Butter & Peanut Pecan",TRUE,1,2/13oz Pack,"[{'id': 199425, 'on_hand': '0', 'available': '0', 'committed': '0', 'backorderable': True, 'stock_location_name': 'Big Spoon Roasters Production Facility'}]",30,,,,
NB-CASH-TCO-13OZ-2PACK-GIFT,0,"Nut Butter, 13oz Custom 2 Jar Gift Pack:Cashew Butter & Toasted Coconut",TRUE,1,2/13oz Pack,"[{'id': 199426, 'on_hand': '0', 'available': '0', 'committed': '0', 'backorderable': True, 'stock_location_name': 'Big Spoon Roasters Production Facility'}]",30,,,,
NB-CHAI-CSS-13OZ-2PACK-GIFT,0,"Nut Butter, 13oz Custom 2 Jar Gift Pack:Chai Spice & Chocolate Sea Salt",TRUE,1,2/13oz Pack,"[{'id': 199427, 'on_hand': '0', 'available': '-1', 'committed': '1', 'backorderable': True, 'stock_location_name': 'Big Spoon Roasters Production Facility'}]",30,,,,
NB-CHAI-FGIN-13OZ-2PACK-GIFT,0,"Nut Butter, 13oz Custom 2 Jar Gift Pack:Chai Spice & Fiji Ginger",TRUE,1,2/13oz Pack,"[{'id': 199428, 'on_hand': '0', 'available': '0', 'committed': '0', 'backorderable': True, 'stock_location_name': 'Big Spoon Roasters Production Facility'}]",30,,,,
NB-CHAI-MAMBA-13OZ-2PACK-GIFT,0,"Nut Butter, 13oz Custom 2 Jar Gift Pack:Chai Spice & Hot Mamba",TRUE,1,2/13oz Pack,"[{'id': 199429, 'on_hand': '0', 'available': '0', 'committed': '0', 'backorderable': True, 'stock_location_name': 'Big Spoon Roasters Production Facility'}]",30,,,,
NB-CHAI-MPC-13OZ-2PACK-GIFT,0,"Nut Butter, 13oz Custom 2 Jar Gift Pack:Chai Spice & Maple Cinnamon",TRUE,1,2/13oz Pack,"[{'id': 199430, 'on_hand': '1', 'available': '0', 'committed': '1', 'backorderable': True, 'stock_location_name': 'Big Spoon Roasters Production Facility'}]",30,,,,
NB-CHAI-PNUT-13OZ-2PACK-GIFT,0,"Nut Butter, 13oz Custom 2 Jar Gift Pack:Chai Spice & Peanut Butter",TRUE,1,2/13oz Pack,"[{'id': 199431, 'on_hand': '0', 'available': '0', 'committed': '0', 'backorderable': True, 'stock_location_name': 'Big Spoon Roasters Production Facility'}]",30,,,,
NB-CHAI-PPEC-13OZ-2PACK-GIFT,0,"Nut Butter, 13oz Custom 2 Jar Gift Pack:Chai Spice & Peanut Pecan",TRUE,1,2/13oz Pack,"[{'id': 199432, 'on_hand': '0', 'available': '0', 'committed': '0', 'backorderable': True, 'stock_location_name': 'Big Spoon Roasters Production Facility'}]",30,,,,
NB-CHAI-TCO-13OZ-2PACK-GIFT,0,"Nut Butter, 13oz Custom 2 Jar Gift Pack:Chai Spice & Toasted Coconut",TRUE,1,2/13oz Pack,"[{'id': 199433, 'on_hand': '0', 'available': '0', 'committed': '0', 'backorderable': True, 'stock_location_name': 'Big Spoon Roasters Production Facility'}]",30,,,,
NB-CSS-FGIN-13OZ-2PACK-GIFT,0,"Nut Butter, 13oz Custom 2 Jar Gift Pack:Chocolate Sea Salt & Fiji Ginger",TRUE,1,2/13oz Pack,"[{'id': 199434, 'on_hand': '0', 'available': '-1', 'committed': '1', 'backorderable': True, 'stock_location_name': 'Big Spoon Roasters Production Facility'}]",30,,,,
NB-CSS-MAMBA-13OZ-2PACK-GIFT,0,"Nut Butter, 13oz Custom 2 Jar Gift Pack:Chocolate Sea Salt & Hot Mamba",TRUE,1,2/13oz Pack,"[{'id': 199435, 'on_hand': '0', 'available': '0', 'committed': '0', 'backorderable': True, 'stock_location_name': 'Big Spoon Roasters Production Facility'}]",30,,,,
NB-CSS-MPC-13OZ-2PACK-GIFT,0,"Nut Butter, 13oz Custom 2 Jar Gift Pack:Chocolate Sea Salt & Maple Cinnamon",TRUE,1,2/13oz Pack,"[{'id': 199436, 'on_hand': '0', 'available': '0', 'committed': '0', 'backorderable': True, 'stock_location_name': 'Big Spoon Roasters Production Facility'}]",30,,,,
NB-CSS-PNUT-13OZ-2PACK-GIFT,0,"Nut Butter, 13oz Custom 2 Jar Gift Pack:Chocolate Sea Salt & Peanut Butter",TRUE,1,2/13oz Pack,"[{'id': 199437, 'on_hand': '0', 'available': '0', 'committed': '0', 'backorderable': True, 'stock_location_name': 'Big Spoon Roasters Production Facility'}]",30,,,,
NB-CSS-PPEC-13OZ-2PACK-GIFT,0,"Nut Butter, 13oz Custom 2 Jar Gift Pack:Chocolate Sea Salt & Peanut Pecan",TRUE,1,2/13oz Pack,"[{'id': 199438, 'on_hand': '0', 'available': '0', 'committed': '0', 'backorderable': True, 'stock_location_name': 'Big Spoon Roasters Production Facility'}]",30,,,,
NB-CSS-TCO-13OZ-2PACK-GIFT,0,"Nut Butter, 13oz Custom 2 Jar Gift Pack:Chocolate Sea Salt & Toasted Coconut",TRUE,1,2/13oz Pack,"[{'id': 199439, 'on_hand': '0', 'available': '0', 'committed': '0', 'backorderable': True, 'stock_location_name': 'Big Spoon Roasters Production Facility'}]",30,,,,
NB-FGIN-MAMBA-13OZ-2PACK-GIFT,0,"Nut Butter, 13oz Custom 2 Jar Gift Pack:Hot Mamba & Fiji Ginger",TRUE,1,2/13oz Pack,"[{'id': 199440, 'on_hand': '0', 'available': '0', 'committed': '0', 'backorderable': True, 'stock_location_name': 'Big Spoon Roasters Production Facility'}]",30,,,,
NB-FGIN-MPC-13OZ-2PACK-GIFT,0,"Nut Butter, 13oz Custom 2 Jar Gift Pack:Fiji Ginger & Maple Cinnamon",TRUE,1,2/13oz Pack,"[{'id': 199441, 'on_hand': '0', 'available': '0', 'committed': '0', 'backorderable': True, 'stock_location_name': 'Big Spoon Roasters Production Facility'}]",30,,,,
NB-FGIN-MPC-13OZ-2PACK-INACTIVE,0,"Nut Butter, 13oz Custom 2 Jar Gift Pack:Maple Cinnamon & Fiji Ginger",FALSE,1,2/13oz Pack,"[{'id': 199442, 'on_hand': '0', 'available': '0', 'committed': '0', 'backorderable': False, 'stock_location_name': 'Big Spoon Roasters Production Facility'}]",30,,,,
NB-FGIN-PNUT-13OZ-2PACK-GIFT,0,"Nut Butter, 13oz Custom 2 Jar Gift Pack:Fiji Ginger & Peanut Butter",TRUE,1,2/13oz Pack,"[{'id': 199443, 'on_hand': '0', 'available': '0', 'committed': '0', 'backorderable': True, 'stock_location_name': 'Big Spoon Roasters Production Facility'}]",30,,,,
NB-FGIN-PPEC-13OZ-2PACK-GIFT,0,"Nut Butter, 13oz Custom 2 Jar Gift Pack:Fiji Ginger & Peanut Pecan",TRUE,1,2/13oz Pack,"[{'id': 199444, 'on_hand': '0', 'available': '0', 'committed': '0', 'backorderable': True, 'stock_location_name': 'Big Spoon Roasters Production Facility'}]",30,,,,
NB-FGIN-TCO-13OZ-2PACK-GIFT,0,"Nut Butter, 13oz Custom 2 Jar Gift Pack:Fiji Ginger & Toasted Coconut",TRUE,1,2/13oz Pack,"[{'id': 199445, 'on_hand': '0', 'available': '0', 'committed': '0', 'backorderable': True, 'stock_location_name': 'Big Spoon Roasters Production Facility'}]",30,,,,
NB-MAMBA-MPC-130Z-2PACK-GIFT,0,"Nut Butter, 13oz Custom 2 Jar Gift Pack:Hot Mamba & Maple Cinnamon",TRUE,1,2/13oz Pack,"[{'id': 199446, 'on_hand': '0', 'available': '0', 'committed': '0', 'backorderable': True, 'stock_location_name': 'Big Spoon Roasters Production Facility'}]",30,,,,
NB-MAMBA-PNUT-130Z-2PACK-GIFT,0,"Nut Butter, 13oz Custom 2 Jar Gift Pack:Hot Mamba & Peanut Butter",TRUE,1,2/13oz Pack,"[{'id': 199447, 'on_hand': '0', 'available': '0', 'committed': '0', 'backorderable': True, 'stock_location_name': 'Big Spoon Roasters Production Facility'}]",30,,,,
NB-MAMBA-PPEC-130Z-2PACK-GIFT,0,"Nut Butter, 13oz Custom 2 Jar Gift Pack:Hot Mamba & Peanut Pecan",TRUE,1,2/13oz Pack,"[{'id': 199448, 'on_hand': '0', 'available': '0', 'committed': '0', 'backorderable': True, 'stock_location_name': 'Big Spoon Roasters Production Facility'}]",30,,,,
NB-MAMBA-TCO-130Z-2PACK-GIFT,0,"Nut Butter, 13oz Custom 2 Jar Gift Pack:Hot Mamba & Toasted Coconut",TRUE,1,2/13oz Pack,"[{'id': 199449, 'on_hand': '0', 'available': '0', 'committed': '0', 'backorderable': True, 'stock_location_name': 'Big Spoon Roasters Production Facility'}]",30,,,,
NB-MPC-PNUT-130Z-2PACK-GIFT,0,"Nut Butter, 13oz Custom 2 Jar Gift Pack:Maple Cinnamon & Peanut Butter",TRUE,1,2/13oz Pack,"[{'id': 199450, 'on_hand': '0', 'available': '0', 'committed': '0', 'backorderable': True, 'stock_location_name': 'Big Spoon Roasters Production Facility'}]",30,,,,
NB-MPC-PPEC-130Z-2PACK-GIFT,0,"Nut Butter, 13oz Custom 2 Jar Gift Pack:Maple Cinnamon & Peanut Pecan",TRUE,1,2/13oz Pack,"[{'id': 199451, 'on_hand': '0', 'available': '0', 'committed': '0', 'backorderable': True, 'stock_location_name': 'Big Spoon Roasters Production Facility'}]",30,,,,
NB-MPC-TCO-130Z-2PACK-GIFT,0,"Nut Butter, 13oz Custom 2 Jar Gift Pack:Maple Cinnamon & Toasted Coconut",TRUE,1,2/13oz Pack,"[{'id': 199452, 'on_hand': '0', 'available': '0', 'committed': '0', 'backorderable': True, 'stock_location_name': 'Big Spoon Roasters Production Facility'}]",30,,,,
NB-PNUT-PPEC-130Z-2PACK-GIFT,0,"Nut Butter, 13oz Custom 2 Jar Gift Pack:Peanut Butter &  Peanut Pecan",TRUE,1,2/13oz Pack,"[{'id': 199453, 'on_hand': '0', 'available': '0', 'committed': '0', 'backorderable': True, 'stock_location_name': 'Big Spoon Roasters Production Facility'}]",30,,,,
NB-PNUT-TCO-130Z-2PACK-GIFT,0,"Nut Butter, 13oz Custom 2 Jar Gift Pack:Peanut Butter & Toasted Coconut",TRUE,1,2/13oz Pack,"[{'id': 199454, 'on_hand': '0', 'available': '0', 'committed': '0', 'backorderable': True, 'stock_location_name': 'Big Spoon Roasters Production Facility'}]",30,,,,
NB-PPEC-TCO-130Z-2PACK-GIFT,0,"Nut Butter, 13oz Custom 2 Jar Gift Pack:Peanut Pecan & Toasted Coconut",TRUE,1,2/13oz Pack,"[{'id': 199455, 'on_hand': '0', 'available': '0', 'committed': '0', 'backorderable': True, 'stock_location_name': 'Big Spoon Roasters Production Facility'}]",30,,,,
NB-3OZ-4PACK-GIFT,0,"Nut Butter, Variety Pack 3oz:3OZ-4PACK-GIFT",TRUE,1,4/3oz Jars,"[{'id': 198668, 'on_hand': '1', 'available': '-1', 'committed': '2', 'backorderable': True, 'stock_location_name': 'Big Spoon Roasters Production Facility'}]",50,,,,
NB-3OZ-4PACK-AB,0,"Nut Butter, Variety Pack 3oz:AB-3OZ-4PACK",TRUE,1,4/3oz Jars,"[{'id': 202277, 'on_hand': '3', 'available': '-7', 'committed': '10', 'backorderable': True, 'stock_location_name': 'Big Spoon Roasters Production Facility'}]",50,,,,
NB-3OZ-4PACK-AB-GIFT,0,"Nut Butter, Variety Pack 3oz:AB-3OZ-4PACK-GIFT",TRUE,1,4/3oz Jars,"[{'id': 202278, 'on_hand': '1', 'available': '-5', 'committed': '6', 'backorderable': True, 'stock_location_name': 'Big Spoon Roasters Production Facility'}]",50,,,,
NB-CHAI-3OZ-SAMPLE,0,"Nut Butter, 3 oz Single Jar Sample:Chai Spice",TRUE,1,4/3oz Jars,"[{'id': 199046, 'on_hand': '0', 'available': '0', 'committed': '0', 'backorderable': True, 'stock_location_name': 'Big Spoon Roasters Production Facility'}]",0,,,,
NB-MPC-3OZ-SAMPLE,0,"Nut Butter, 3 oz Single Jar Sample:Maple Cinnamon",TRUE,1,4/3oz Jars,"[{'id': 199047, 'on_hand': '0', 'available': '0', 'committed': '0', 'backorderable': True, 'stock_location_name': 'Big Spoon Roasters Production Facility'}]",0,,,,
NB-FGIN-3OZ-SAMPLE,0,"Nut Butter, 3 oz Single Jar Sample:Fiji Ginger",TRUE,1,4/3oz Jars,"[{'id': 199048, 'on_hand': '0', 'available': '0', 'committed': '0', 'backorderable': True, 'stock_location_name': 'Big Spoon Roasters Production Facility'}]",0,,,,
NB-PNUT-3OZ-SAMPLE,0,"Nut Butter, 3 oz Single Jar Sample:Peanut Butter",TRUE,1,4/3oz Jars,"[{'id': 199049, 'on_hand': '0', 'available': '0', 'committed': '0', 'backorderable': True, 'stock_location_name': 'Big Spoon Roasters Production Facility'}]",0,,,,
BAR-FC-SINGLE-SAMPLE,0,"Nut Butter Bar, Sample 60g Bar:Figgy Chai",TRUE,1,4/3oz Jars,"[{'id': 199051, 'on_hand': '0', 'available': '0', 'committed': '0', 'backorderable': True, 'stock_location_name': 'Big Spoon Roasters Production Facility'}]",0.17,,,,
BAR-CC-SINGLE-SAMPLE,0,"Nut Butter Bar, Sample 60g Bar:Cranberry Cashew",TRUE,1,4/3oz Jars,"[{'id': 199052, 'on_hand': '0', 'available': '0', 'committed': '0', 'backorderable': True, 'stock_location_name': 'Big Spoon Roasters Production Facility'}]",0.17,,,,
BAR-CP-SINGLE-SAMPLE,0,"Nut Butter Bar, Sample 60g Bar:Cherry Pecan",TRUE,1,4/3oz Jars,"[{'id': 199053, 'on_hand': '0', 'available': '0', 'committed': '0', 'backorderable': True, 'stock_location_name': 'Big Spoon Roasters Production Facility'}]",0.17,,,,
BAR-AP-SINGLE-SAMPLE,0,"Nut Butter Bar, Sample 60g Bar:Apricot Pepita",TRUE,1,4/3oz Jars,"[{'id': 199054, 'on_hand': '0', 'available': '0', 'committed': '0', 'backorderable': True, 'stock_location_name': 'Big Spoon Roasters Production Facility'}]",0.17,,,,
BAR-AP-SUBSCR,0,"Nut Butter Bar, Subscriptions:Apricot Pepita",TRUE,1,12/60g Bars,"[{'id': 199366, 'on_hand': '0', 'available': '0', 'committed': '0', 'backorderable': True, 'stock_location_name': 'Big Spoon Roasters Production Facility'}]",0,,,,
BAR-CC-SUBSCR,0,"Nut Butter Bar, Subscriptions:Cranberry Cashew",TRUE,1,12/60g Bars,"[{'id': 199367, 'on_hand': '0', 'available': '0', 'committed': '0', 'backorderable': True, 'stock_location_name': 'Big Spoon Roasters Production Facility'}]",1.5,,,,
BAR-FC-SUBSCR,0,"Nut Butter Bar, Subscriptions:Figgy Chai",TRUE,1,12/60g Bars,"[{'id': 199368, 'on_hand': '0', 'available': '0', 'committed': '0', 'backorderable': True, 'stock_location_name': 'Big Spoon Roasters Production Facility'}]",0,,,,
BAR-CP-SUBSCR,0,"Nut Butter Bar, Subscriptions:Cherry Pecan",TRUE,1,12/60g Bars,"[{'id': 199369, 'on_hand': '0', 'available': '-1', 'committed': '1', 'backorderable': True, 'stock_location_name': 'Big Spoon Roasters Production Facility'}]",0,,,,
BAR-VP-SUBSCR,0,"Nut Butter Bar, Subscriptions:Variety Pack",TRUE,1,12/60g Bars,"[{'id': 199370, 'on_hand': '0', 'available': '-1', 'committed': '1', 'backorderable': True, 'stock_location_name': 'Big Spoon Roasters Production Facility'}]",0,,,,
BAR-AP-MASTERCASE,0,Bar Master Case:Apricot Pepita,TRUE,1,28/12 bar Cases,"[{'id': 198597, 'on_hand': '0', 'available': '0', 'committed': '0', 'backorderable': True, 'stock_location_name': 'Big Spoon Roasters Production Facility'}]",58,,,,
BAR-CC-MASTERCASE,0,Bar Master Case:Cranberry Cashew,TRUE,1,28/12 bar Cases,"[{'id': 198598, 'on_hand': '0', 'available': '0', 'committed': '0', 'backorderable': True, 'stock_location_name': 'Big Spoon Roasters Production Facility'}]",58,,,,
BAR-CP-MASTERCASE,0,Bar Master Case:Cherry Pecan,TRUE,1,28/12 bar Cases,"[{'id': 198599, 'on_hand': '0', 'available': '0', 'committed': '0', 'backorderable': True, 'stock_location_name': 'Big Spoon Roasters Production Facility'}]",58,,,,
BAR-FC-MASTERCASE,0,Bar Master Case:Figgy Chai,TRUE,1,28/12 bar Cases,"[{'id': 198600, 'on_hand': '0', 'available': '0', 'committed': '0', 'backorderable': True, 'stock_location_name': 'Big Spoon Roasters Production Facility'}]",58,,,,
BAR-VP-CASE,0,Bar Variety Pack:Bar Variety Pack - Case,TRUE,1,12/60 g Bars,"[{'id': 198594, 'on_hand': '10', 'available': '-40', 'committed': '50', 'backorderable': True, 'stock_location_name': 'Big Spoon Roasters Production Facility'}]",1.15,,,,
BAR-VP-GIFT,0,Bar Variety Pack:Bar Variety Pack - Gift Case,TRUE,1,12/60 g Bars,"[{'id': 198595, 'on_hand': '0', 'available': '0', 'committed': '0', 'backorderable': True, 'stock_location_name': 'Big Spoon Roasters Production Facility'}]",1.15,,,,
MP-PANTRY,0,Nut Butter & Bar Multi-packs:Pantry Pack,TRUE,1,12/60 g Bars,"[{'id': 209758, 'on_hand': '2', 'available': '-4', 'committed': '6', 'backorderable': True, 'stock_location_name': 'Big Spoon Roasters Production Facility'}]",0,,,,
NB-ABJ-OCT19,0,"Nut Butter, AB&J 2-Pack 13 oz Jar:ABJ-OCT19",FALSE,1,12/60 g Bars,"[{'id': 198660, 'on_hand': '0', 'available': '0', 'committed': '0', 'backorderable': True, 'stock_location_name': 'Big Spoon Roasters Production Facility'}]",0,,,,
NB-ABJ-OCT19-GIFT,0,"Nut Butter, AB&J 2-Pack 13 oz Jar:ABJ-OCT19-GIFT",FALSE,1,2/13oz Pack,"[{'id': 198661, 'on_hand': '0', 'available': '0', 'committed': '0', 'backorderable': True, 'stock_location_name': 'Big Spoon Roasters Production Facility'}]",0,,,,
NB-ABJ-NOV19,0,"Nut Butter, AB&J 2-Pack 13 oz Jar:ABJ-NOV19",FALSE,1,2/13oz Pack,"[{'id': 200209, 'on_hand': '0', 'available': '0', 'committed': '0', 'backorderable': True, 'stock_location_name': 'Big Spoon Roasters Production Facility'}]",0,,,,
NB-ABJ-NOV19-GIFT,0,"Nut Butter, AB&J 2-Pack 13 oz Jar:ABJ-NOV19-GIFT",FALSE,1,2/13oz Pack,"[{'id': 200212, 'on_hand': '0', 'available': '0', 'committed': '0', 'backorderable': True, 'stock_location_name': 'Big Spoon Roasters Production Facility'}]",0,,,,
NB-ABJ-DEC19,0,"Nut Butter, AB&J 2-Pack 13 oz Jar:ABJ-DEC19",FALSE,1,2/13oz Pack,"[{'id': 200227, 'on_hand': '0', 'available': '0', 'committed': '0', 'backorderable': True, 'stock_location_name': 'Big Spoon Roasters Production Facility'}]",2.5,,,,
NB-ABJ-DEC19-GIFT,0,"Nut Butter, AB&J 2-Pack 13 oz Jar:ABJ-DEC19-GIFT",FALSE,1,2/13oz Pack,"[{'id': 200228, 'on_hand': '0', 'available': '0', 'committed': '0', 'backorderable': True, 'stock_location_name': 'Big Spoon Roasters Production Facility'}]",0,,,,
NB-ABJ-JAN20,0,"Nut Butter, AB&J 2-Pack 13 oz Jar:ABJ-JAN20",FALSE,1,2/13oz Pack,"[{'id': 201122, 'on_hand': '0', 'available': '0', 'committed': '0', 'backorderable': True, 'stock_location_name': 'Big Spoon Roasters Production Facility'}]",2.5,,,,
NB-ABJ-JAN20-GIFT,0,"Nut Butter, AB&J 2-Pack 13 oz Jar:AB&J-JAN20-GIFT",FALSE,1,2/13oz Pack,"[{'id': 201123, 'on_hand': '0', 'available': '0', 'committed': '0', 'backorderable': True, 'stock_location_name': 'Big Spoon Roasters Production Facility'}]",2.5,,,,
NB-ABJ-FEB20-GIFT,0,"Nut Butter, AB&J 2-Pack 13 oz Jar:ABJ-FEB20-GIFT",FALSE,1,2/13oz Pack,"[{'id': 201806, 'on_hand': '0', 'available': '0', 'committed': '0', 'backorderable': True, 'stock_location_name': 'Big Spoon Roasters Production Facility'}]",2.5,,,,
NB-ABJ-FEB20,0,"Nut Butter, AB&J 2-Pack 13 oz Jar:ABJ-FEB20",FALSE,1,2/13oz Pack,"[{'id': 201807, 'on_hand': '0', 'available': '0', 'committed': '0', 'backorderable': True, 'stock_location_name': 'Big Spoon Roasters Production Facility'}]",2.5,,,,
NB-ABJ-MAR20,0,"Nut Butter, AB&J 2-Pack 13 oz Jar:ABJ-MAR20",TRUE,1,2/13oz Pack,"[{'id': 209369, 'on_hand': '0', 'available': '0', 'committed': '0', 'backorderable': True, 'stock_location_name': 'Big Spoon Roasters Production Facility'}]",2.5,,,,
NB-ABJ-MAR20-GIFT,0,"Nut Butter, AB&J 2-Pack 13 oz Jar:ABJ-MAR20-GIFT",TRUE,1,2/13oz Pack,"[{'id': 209370, 'on_hand': '0', 'available': '0', 'committed': '0', 'backorderable': True, 'stock_location_name': 'Big Spoon Roasters Production Facility'}]",2.5,,,,
NB-ABJ-APR20,0,"Nut Butter, AB&J 2-Pack 13 oz Jar:ABJ-APR20",TRUE,1,2/13oz Pack,"[{'id': 209551, 'on_hand': '2', 'available': '-13', 'committed': '15', 'backorderable': True, 'stock_location_name': 'Big Spoon Roasters Production Facility'}]",2.5,,,,
NB-ABJ-APR20-GIFT,0,"Nut Butter, AB&J 2-Pack 13 oz Jar:ABJ-APR20-GIFT",TRUE,1,2/13oz Pack,"[{'id': 209552, 'on_hand': '1', 'available': '0', 'committed': '1', 'backorderable': True, 'stock_location_name': 'Big Spoon Roasters Production Facility'}]",2.5,,,,
NB-PBJ-OCT19,0,"Nut Butter, PB&J 2-Pack 13 oz Jar:PBJ-OCT19",FALSE,1,2/13oz Pack,"[{'id': 198663, 'on_hand': '0', 'available': '0', 'committed': '0', 'backorderable': True, 'stock_location_name': 'Big Spoon Roasters Production Facility'}]",0,,,,
NB-PBJ-OCT19-GIFT,0,"Nut Butter, PB&J 2-Pack 13 oz Jar:PBJ-OCT19-GIFT",FALSE,1,2/13oz Pack,"[{'id': 198664, 'on_hand': '0', 'available': '0', 'committed': '0', 'backorderable': True, 'stock_location_name': 'Big Spoon Roasters Production Facility'}]",0,,,,
NB-PBJ-DEC19,0,"Nut Butter, PB&J 2-Pack 13 oz Jar:PBJ-DEC19",FALSE,1,2/13oz Pack,"[{'id': 200225, 'on_hand': '0', 'available': '0', 'committed': '0', 'backorderable': True, 'stock_location_name': 'Big Spoon Roasters Production Facility'}]",2.5,,,,
NB-PBJ-DEC19-GIFT,0,"Nut Butter, PB&J 2-Pack 13 oz Jar:PBJ-DEC19-GIFT",FALSE,1,2/13oz Pack,"[{'id': 200226, 'on_hand': '0', 'available': '0', 'committed': '0', 'backorderable': True, 'stock_location_name': 'Big Spoon Roasters Production Facility'}]",3,,,,
NB-PBJ-NOV19,0,"Nut Butter, PB&J 2-Pack 13 oz Jar:PBJ-NOV19",FALSE,1,2/13oz Pack,"[{'id': 200399, 'on_hand': '0', 'available': '0', 'committed': '0', 'backorderable': True, 'stock_location_name': 'Big Spoon Roasters Production Facility'}]",0,,,,
NB-PBJ-GIFT-NOV19,0,"Nut Butter, PB&J 2-Pack 13 oz Jar:PBJ-NOV19-GIFT",FALSE,1,2/13oz Pack,"[{'id': 200400, 'on_hand': '0', 'available': '0', 'committed': '0', 'backorderable': True, 'stock_location_name': 'Big Spoon Roasters Production Facility'}]",0,,,,
NB-PBJ-JAN20,0,"Nut Butter, PB&J 2-Pack 13 oz Jar:PBJ-JAN20",FALSE,1,2/13oz Pack,"[{'id': 201121, 'on_hand': '0', 'available': '0', 'committed': '0', 'backorderable': True, 'stock_location_name': 'Big Spoon Roasters Production Facility'}]",2.5,,,,
NB-PBJ-JAN20-GIFT,0,"Nut Butter, PB&J 2-Pack 13 oz Jar:PBJ-JAN20-GIFT",FALSE,1,2/13oz Pack,"[{'id': 201124, 'on_hand': '0', 'available': '0', 'committed': '0', 'backorderable': True, 'stock_location_name': 'Big Spoon Roasters Production Facility'}]",2.5,,,,
NB-PBJ-FEB20-GIFT,0,"Nut Butter, PB&J 2-Pack 13 oz Jar:PBJ-FEB20-GIFT",FALSE,1,2/13oz Pack,"[{'id': 201804, 'on_hand': '0', 'available': '0', 'committed': '0', 'backorderable': True, 'stock_location_name': 'Big Spoon Roasters Production Facility'}]",2.5,,,,
NB-PBJ-FEB20,0,"Nut Butter, PB&J 2-Pack 13 oz Jar:PBJ-FEB20",FALSE,1,2/13oz Pack,"[{'id': 201805, 'on_hand': '0', 'available': '0', 'committed': '0', 'backorderable': True, 'stock_location_name': 'Big Spoon Roasters Production Facility'}]",2.5,,,,
NB-PBJ-MAR20,0,"Nut Butter, PB&J 2-Pack 13 oz Jar:PBJ-MAR20",TRUE,1,2/13oz Pack,"[{'id': 209367, 'on_hand': '0', 'available': '0', 'committed': '0', 'backorderable': True, 'stock_location_name': 'Big Spoon Roasters Production Facility'}]",2.5,,,,
NB-PBJ-MAR20-GIFT,0,"Nut Butter, PB&J 2-Pack 13 oz Jar:PBJ-MAR20-GIFT",TRUE,1,2/13oz Pack,"[{'id': 209368, 'on_hand': '0', 'available': '0', 'committed': '0', 'backorderable': True, 'stock_location_name': 'Big Spoon Roasters Production Facility'}]",2.5,,,,
NB-PBJ-APR20,0,"Nut Butter, PB&J 2-Pack 13 oz Jar:PBJ-APR20",TRUE,1,2/13oz Pack,"[{'id': 209549, 'on_hand': '1', 'available': '-10', 'committed': '11', 'backorderable': True, 'stock_location_name': 'Big Spoon Roasters Production Facility'}]",2.5,,,,
NB-PBJ-APR20-GIFT,0,"Nut Butter, PB&J 2-Pack 13 oz Jar:PBJ-APR20-GIFT",TRUE,1,2/13oz Pack,"[{'id': 209550, 'on_hand': '0', 'available': '0', 'committed': '0', 'backorderable': True, 'stock_location_name': 'Big Spoon Roasters Production Facility'}]",2.5,,,,
NB-PBJ-SUBSCR-NOV19,0,"Nut Butter, Subscriptions:PBJ-NOV19",FALSE,1,13 oz Jar,"[{'id': 199384, 'on_hand': '0', 'available': '0', 'committed': '0', 'backorderable': True, 'stock_location_name': 'Big Spoon Roasters Production Facility'}]",0,,,,
NB-ABJ-SUBSCR-NOV19,0,"Nut Butter, Subscriptions:ABJ-NOV19",FALSE,1,13 oz Jar,"[{'id': 199385, 'on_hand': '0', 'available': '0', 'committed': '0', 'backorderable': True, 'stock_location_name': 'Big Spoon Roasters Production Facility'}]",2.13,,,,
NB-PBJ-SUBSCR-DEC19,0,"Nut Butter, Subscriptions:PBJ-DEC19",FALSE,1,13 oz jar,"[{'id': 200229, 'on_hand': '0', 'available': '0', 'committed': '0', 'backorderable': True, 'stock_location_name': 'Big Spoon Roasters Production Facility'}]",2.13,,,,
NB-ABJ-SUBSCR-DEC19,0,"Nut Butter, Subscriptions:ABJ-DEC19",FALSE,1,13 oz jar,"[{'id': 200230, 'on_hand': '0', 'available': '0', 'committed': '0', 'backorderable': True, 'stock_location_name': 'Big Spoon Roasters Production Facility'}]",2.13,,,,
NB-ABJ-SUBSCR-JAN20,0,"Nut Butter, Subscriptions:ABJ-JAN20",FALSE,1,14 oz jar,"[{'id': 201125, 'on_hand': '0', 'available': '0', 'committed': '0', 'backorderable': True, 'stock_location_name': 'Big Spoon Roasters Production Facility'}]",2.5,,,,
NB-PBJ-SUBSCR-JAN20,0,"Nut Butter, Subscriptions:PBJ-JAN20",FALSE,1,15 oz jar,"[{'id': 201126, 'on_hand': '0', 'available': '0', 'committed': '0', 'backorderable': True, 'stock_location_name': 'Big Spoon Roasters Production Facility'}]",2.5,,,,
NB-ABJ-SUBSCR-FEB20,0,"Nut Butter, Subscriptions:ABJ-FEB20",FALSE,1,16 oz jar,"[{'id': 201929, 'on_hand': '0', 'available': '0', 'committed': '0', 'backorderable': True, 'stock_location_name': 'Big Spoon Roasters Production Facility'}]",2.14,,,,
NB-PBJ-SUBSCR-FEB20,0,"Nut Butter, Subscriptions:PBJ-FEB20",FALSE,1,2pack / 13oz jar,"[{'id': 201946, 'on_hand': '0', 'available': '0', 'committed': '0', 'backorderable': True, 'stock_location_name': 'Big Spoon Roasters Production Facility'}]",2.13,,,,
NB-PBJ-SUBSCR-MAR20,0,"Nut Butter, Subscriptions:PBJ-MAR20-SUBSCR",TRUE,1,2pack/13 oz Jar,"[{'id': 209371, 'on_hand': '0', 'available': '0', 'committed': '0', 'backorderable': True, 'stock_location_name': 'Big Spoon Roasters Production Facility'}]",2.14,,,,
NB-ABJ-SUBSCR-MAR20,0,"Nut Butter, Subscriptions:ABJ-MAR20-SUBSCR",TRUE,1,2pack / 13oz jar,"[{'id': 209372, 'on_hand': '0', 'available': '0', 'committed': '0', 'backorderable': True, 'stock_location_name': 'Big Spoon Roasters Production Facility'}]",2.14,,,,
NB-PBJ-SUBSCR-APR20,0,"Nut Butter, Subscriptions:PBJ-APR20-SUBSCR",TRUE,1,2pack / 13oz jar,"[{'id': 209553, 'on_hand': '0', 'available': '-3', 'committed': '3', 'backorderable': True, 'stock_location_name': 'Big Spoon Roasters Production Facility'}]",2.14,,,,
NB-ABJ-SUBSCR-APR20,0,"Nut Butter, Subscriptions:ABJ-APR20-SUBSCR",TRUE,1,2pack / 13oz jar,"[{'id': 209554, 'on_hand': '1', 'available': '-1', 'committed': '2', 'backorderable': True, 'stock_location_name': 'Big Spoon Roasters Production Facility'}]",2.14,,,,
NB-RSTR-SUBSCR-APR20,0,"Nut Butter, Subscriptions:RSTR-APR20",TRUE,1,13 oz jar,"[{'id': 209555, 'on_hand': '0', 'available': '-7', 'committed': '7', 'backorderable': True, 'stock_location_name': 'Big Spoon Roasters Production Facility'}]",1.15,,,,
NB-RSTR-SUBSCR-DEC19,0,"Nut Butter, Subscriptions:RSTR-DEC19",FALSE,1,13oz Jar,"[{'id': 200978, 'on_hand': '0', 'available': '0', 'committed': '0', 'backorderable': True, 'stock_location_name': 'Big Spoon Roasters Production Facility'}]",17,,,,
NB-RSTR-SUBSCR-JAN20,0,"Nut Butter, Subscriptions:RSTR-JAN20",FALSE,1,13oz Jar,"[{'id': 201127, 'on_hand': '4', 'available': '4', 'committed': '0', 'backorderable': True, 'stock_location_name': 'Big Spoon Roasters Production Facility'}]",0,,,,
NB-RSTR-SUBSCR-FEB20,0,"Nut Butter, Subscriptions:RSTR-FEB20",FALSE,1,13 oz jar,"[{'id': 201965, 'on_hand': '0', 'available': '0', 'committed': '0', 'backorderable': True, 'stock_location_name': 'Big Spoon Roasters Production Facility'}]",0,,,,
NB-RSTR-SUBSCR-MAR20,0,"Nut Butter, Subscriptions:RSTR-MAR20",TRUE,1,14 oz jar,"[{'id': 209373, 'on_hand': '0', 'available': '0', 'committed': '0', 'backorderable': True, 'stock_location_name': 'Big Spoon Roasters Production Facility'}]",0,,,,
NB-ALM-13OZ,3.96,Almond Nut Butter:13 oz Jar,TRUE,6,13 oz Jar,"[{'id': 198428, 'on_hand': '48', 'available': '19', 'committed': '29', 'backorderable': True, 'stock_location_name': 'Big Spoon Roasters Production Facility'}]",17,,,,
NB-CASH-13OZ,5.18,Cashew Nut Butter:13 oz Jar,TRUE,6,13 oz Jar,"[{'id': 198432, 'on_hand': '256', 'available': '200', 'committed': '56', 'backorderable': True, 'stock_location_name': 'Big Spoon Roasters Production Facility'}]",1.5,,,,
NB-CHAI-13OZ,3.18,Chai Spice Nut Butter:13 oz Jar,TRUE,6,13 oz Jar,"[{'id': 198436, 'on_hand': '137', 'available': '-276', 'committed': '413', 'backorderable': True, 'stock_location_name': 'Big Spoon Roasters Production Facility'}]",17,,,,
NB-CSS-13OZ,4.7,Chocolate Sea Salt Nut Butter:13 oz Jar,TRUE,6,13 oz Jar,"[{'id': 198441, 'on_hand': '93', 'available': '-292', 'committed': '385', 'backorderable': True, 'stock_location_name': 'Big Spoon Roasters Production Facility'}]",17,,,,
NB-FGIN-13OZ,4.37,Fiji Ginger Nut Butter:13 oz Jar,TRUE,6,13 oz Jar,"[{'id': 198445, 'on_hand': '52', 'available': '-284', 'committed': '336', 'backorderable': True, 'stock_location_name': 'Big Spoon Roasters Production Facility'}]",17,,,,
NB-GGET-13OZ,4.69,GGet Espresso Nut Butter:13 oz Jar,TRUE,6,13 oz Jar,"[{'id': 198450, 'on_hand': '110', 'available': '58', 'committed': '52', 'backorderable': True, 'stock_location_name': 'Big Spoon Roasters Production Facility'}]",17,,,,
NB-MAMBA-13OZ,2.78,Hot Mamba Nut Butter:13 oz Jar,TRUE,6,13 oz Jar,"[{'id': 198460, 'on_hand': '160', 'available': '127', 'committed': '33', 'backorderable': True, 'stock_location_name': 'Big Spoon Roasters Production Facility'}]",17,,,,
NB-MPC-13OZ,3,Maple Cinnamon Nut Butter:13 oz Jar,TRUE,6,13 oz Jar,"[{'id': 198464, 'on_hand': '375', 'available': '247', 'committed': '128', 'backorderable': True, 'stock_location_name': 'Big Spoon Roasters Production Facility'}]",17,,,,
NB-PNUT-13OZ,2.69,Peanut Nut Butter:13 oz Jar,TRUE,6,13 oz Jar,"[{'id': 198469, 'on_hand': '227', 'available': '129', 'committed': '98', 'backorderable': True, 'stock_location_name': 'Big Spoon Roasters Production Facility'}]",17,,,,
NB-PPEC-13OZ,3.2,Peanut Pecan Nut Butter:13 oz Jar,TRUE,6,13 oz Jar,"[{'id': 198475, 'on_hand': '134', 'available': '-268', 'committed': '402', 'backorderable': True, 'stock_location_name': 'Big Spoon Roasters Production Facility'}]",17,,,,
NB-TCO-13OZ,4,Toasted Coconut Nut Butter:13 oz Jar,TRUE,6,13 oz Jar,"[{'id': 198480, 'on_hand': '263', 'available': '-73', 'committed': '336', 'backorderable': True, 'stock_location_name': 'Big Spoon Roasters Production Facility'}]",17,,,,
NB-WAG-13OZ,0,Wag Butter:13 oz Jar,TRUE,6,13 oz jar,"[{'id': 201606, 'on_hand': '129', 'available': '88', 'committed': '41', 'backorderable': False, 'stock_location_name': 'Big Spoon Roasters Production Facility'}]",17,,,,
NB-TRIO-FW19,0,"Nut Butter, 3-Pack 13 oz:TRIO-FW19",TRUE,1,3/13oz Pack,"[{'id': 198666, 'on_hand': '0', 'available': '0', 'committed': '0', 'backorderable': True, 'stock_location_name': 'Big Spoon Roasters Production Facility'}]",5,,,,
NB-TRIO-SS20,0,"Nut Butter, 3-Pack 13 oz:TRIO-SS20",TRUE,1,3/13oz Pack,"[{'id': 209946, 'on_hand': '0', 'available': '-7', 'committed': '7', 'backorderable': True, 'stock_location_name': 'Big Spoon Roasters Production Facility'}]",50,,,,
NB-GH-6PACK,0,"Nut Butter, 6-Pack 13 oz:GH-6PACK",TRUE,1,3/13oz Pack,"[{'id': 209756, 'on_hand': '4', 'available': '-7', 'committed': '11', 'backorderable': True, 'stock_location_name': 'Big Spoon Roasters Production Facility'}]",0,,,,
NB-PNUT-SUBSCR,0,"Nut Butter, Subscriptions:YOUR-PNUT",TRUE,1,13 oz Jar,"[{'id': 199373, 'on_hand': '0', 'available': '0', 'committed': '0', 'backorderable': True, 'stock_location_name': 'Big Spoon Roasters Production Facility'}]",17,,,,
NB-PPEC-SUBSCR,0,"Nut Butter, Subscriptions:YOUR-PPEC",TRUE,1,13 oz Jar,"[{'id': 199374, 'on_hand': '0', 'available': '0', 'committed': '0', 'backorderable': True, 'stock_location_name': 'Big Spoon Roasters Production Facility'}]",0,,,,
NB-CHAI-SUBSCR,0,"Nut Butter, Subscriptions:YOUR-CHAI",TRUE,1,13 oz Jar,"[{'id': 199375, 'on_hand': '0', 'available': '0', 'committed': '0', 'backorderable': True, 'stock_location_name': 'Big Spoon Roasters Production Facility'}]",0,,,,
NB-GGET-SUBSCR,0,"Nut Butter, Subscriptions:YOUR-GGET",TRUE,1,13 oz Jar,"[{'id': 199376, 'on_hand': '0', 'available': '0', 'committed': '0', 'backorderable': True, 'stock_location_name': 'Big Spoon Roasters Production Facility'}]",0,,,,
NB-ALM-SUBSCR,0,"Nut Butter, Subscriptions:YOUR-ALM",TRUE,1,13 oz Jar,"[{'id': 199377, 'on_hand': '0', 'available': '0', 'committed': '0', 'backorderable': True, 'stock_location_name': 'Big Spoon Roasters Production Facility'}]",17,,,,
NB-CSS-SUBSCR,0,"Nut Butter, Subscriptions:YOUR-CSS",TRUE,1,13 oz Jar,"[{'id': 199378, 'on_hand': '0', 'available': '0', 'committed': '0', 'backorderable': True, 'stock_location_name': 'Big Spoon Roasters Production Facility'}]",0,,,,
NB-FGIN-SUBSCR,0,"Nut Butter, Subscriptions:YOUR-FGIN",TRUE,1,13 oz Jar,"[{'id': 199379, 'on_hand': '0', 'available': '0', 'committed': '0', 'backorderable': True, 'stock_location_name': 'Big Spoon Roasters Production Facility'}]",0,,,,
NB-TCO-SUBSCR,0,"Nut Butter, Subscriptions:YOUR-TCO",TRUE,1,13 oz Jar,"[{'id': 199380, 'on_hand': '0', 'available': '0', 'committed': '0', 'backorderable': True, 'stock_location_name': 'Big Spoon Roasters Production Facility'}]",17,,,,
NB-MPC-SUBSCR,0,"Nut Butter, Subscriptions:YOUR-MPC",TRUE,1,13 oz Jar,"[{'id': 199381, 'on_hand': '0', 'available': '0', 'committed': '0', 'backorderable': True, 'stock_location_name': 'Big Spoon Roasters Production Facility'}]",0,,,,
NB-MAMBA-SUBSCR,0,"Nut Butter, Subscriptions:YOUR-MAMBA",TRUE,1,13 oz Jar,"[{'id': 199382, 'on_hand': '0', 'available': '0', 'committed': '0', 'backorderable': True, 'stock_location_name': 'Big Spoon Roasters Production Facility'}]",0,,,,
NB-CASH-SUBSCR,0,"Nut Butter, Subscriptions:YOUR-CASH",TRUE,1,13 oz Jar,"[{'id': 199383, 'on_hand': '0', 'available': '0', 'committed': '0', 'backorderable': True, 'stock_location_name': 'Big Spoon Roasters Production Facility'}]",0,,,,
NB-ALM-13OZ-CASE,0,"Almond Butter, 13 oz 12-Jar Case",TRUE,1,12/13oz Pack,"[{'id': 'fake', 'on_hand': '0', 'available': '0', 'committed': '0', 'backorderable': True, 'stock_location_name': 'Big Spoon Roasters Production Facility'}]",0,,,,
NB-CASH-13OZ-CASE,0,"Cashew Butter, 13 oz 12-Jar Case",TRUE,1,12/13oz Pack,"[{'id': 'fake', 'on_hand': '0', 'available': '0', 'committed': '0', 'backorderable': True, 'stock_location_name': 'Big Spoon Roasters Production Facility'}]",0,,,,
NB-CHAI-13OZ-CASE,0,"Chai Spice, 13 oz 12-Jar Case",TRUE,1,12/13oz Pack,"[{'id': 'fake', 'on_hand': '0', 'available': '0', 'committed': '0', 'backorderable': True, 'stock_location_name': 'Big Spoon Roasters Production Facility'}]",0,,,,
NB-CSS-13OZ-CASE,0,"Chocolate Sea Salt, 13 oz 12-Jar Case",TRUE,1,12/13oz Pack,"[{'id': 'fake', 'on_hand': '0', 'available': '0', 'committed': '0', 'backorderable': True, 'stock_location_name': 'Big Spoon Roasters Production Facility'}]",0,,,,
NB-FGIN-13OZ-CASE,0,"Fiji Ginger, 13 oz 12-Jar Case",TRUE,1,12/13oz Pack,"[{'id': 'fake', 'on_hand': '0', 'available': '0', 'committed': '0', 'backorderable': True, 'stock_location_name': 'Big Spoon Roasters Production Facility'}]",0,,,,
NB-GGET-13OZ-CASE,0,"GGet Espresso, 13 oz 12-Jar Case",TRUE,1,12/13oz Pack,"[{'id': 'fake', 'on_hand': '0', 'available': '0', 'committed': '0', 'backorderable': True, 'stock_location_name': 'Big Spoon Roasters Production Facility'}]",0,,,,
NB-MAMBA-13OZ-CASE,0,"Hot Mamba, 13 oz 12-Jar Case",TRUE,1,12/13oz Pack,"[{'id': 'fake', 'on_hand': '0', 'available': '0', 'committed': '0', 'backorderable': True, 'stock_location_name': 'Big Spoon Roasters Production Facility'}]",0,,,,
NB-MPC-13OZ-CASE,0,"Maple Cinnamon, 13 oz 12-Jar Case",TRUE,1,12/13oz Pack,"[{'id': 'fake', 'on_hand': '0', 'available': '0', 'committed': '0', 'backorderable': True, 'stock_location_name': 'Big Spoon Roasters Production Facility'}]",0,,,,
NB-PNUT-13OZ-CASE,0,"Peanut Butter, 13 oz 12-Jar Case",TRUE,1,12/13oz Pack,"[{'id': 'fake', 'on_hand': '0', 'available': '0', 'committed': '0', 'backorderable': True, 'stock_location_name': 'Big Spoon Roasters Production Facility'}]",0,,,,
NB-PPEC-13OZ-CASE,0,"Peanut Pecan, 13 oz 12-Jar Case",TRUE,1,12/13oz Pack,"[{'id': 'fake', 'on_hand': '0', 'available': '0', 'committed': '0', 'backorderable': True, 'stock_location_name': 'Big Spoon Roasters Production Facility'}]",0,,,,
NB-TCO-13OZ-CASE,0,"Toasted Coconut, 13 oz 12-Jar Case",TRUE,1,12/13oz Pack,"[{'id': 'fake', 'on_hand': '0', 'available': '0', 'committed': '0', 'backorderable': True, 'stock_location_name': 'Big Spoon Roasters Production Facility'}]",0,,,,
NB-VP-13OZ-CASE,0,"Ultimate Nut Butter Variety Pack, 13 oz 12-Jar Case",TRUE,1,12/13oz Pack,"[{'id': 'fake', 'on_hand': '0', 'available': '0', 'committed': '0', 'backorderable': True, 'stock_location_name': 'Big Spoon Roasters Production Facility'}]",0,,,,
NB-VP-13OZ-CASE,0,"Ultimate Nut Butter Variety Pack, 13 oz 12-Jar Case",TRUE,1,12/13oz Case,"[{'id': 'fake', 'on_hand': '0', 'available': '0', 'committed': '0', 'backorderable': True, 'stock_location_name': 'Big Spoon Roasters Production Facility'}]",0,,,,
NB-CHAI-3OZ-CASE,0," ""Chai Spice",TRUE,1,12/13oz Case,"[{'id': 'fake', 'on_hand': '0', 'available': '0', 'committed': '0', 'backorderable': True, 'stock_location_name': 'Big Spoon Roasters Production Facility'}]",0,,,,
NB-FGIN-3OZ-CASE,0,"Fiji Ginger, 3 oz 12-Jar Case",TRUE,1,12/13oz Case,"[{'id': 'fake', 'on_hand': '0', 'available': '0', 'committed': '0', 'backorderable': True, 'stock_location_name': 'Big Spoon Roasters Production Facility'}]",0,,,,
NB-MPC-3OZ-CASE,0," ""Maple Cinnamon",TRUE,1,12/13oz Case,"[{'id': 'fake', 'on_hand': '0', 'available': '0', 'committed': '0', 'backorderable': True, 'stock_location_name': 'Big Spoon Roasters Production Facility'}]",0,,,,
NB-PNUT-3OZ-CASE,0,"Peanut Butter, 3 oz 12-Jar Case",TRUE,1,12/13oz Case,"[{'id': 'fake', 'on_hand': '0', 'available': '0', 'committed': '0', 'backorderable': True, 'stock_location_name': 'Big Spoon Roasters Production Facility'}]",0,,,,
NB-CSS-3OZ-CASE,0," ""Chocolate Sea Salt",TRUE,1,12/13oz Case,"[{'id': 'fake', 'on_hand': '0', 'available': '0', 'committed': '0', 'backorderable': True, 'stock_location_name': 'Big Spoon Roasters Production Facility'}]",0,,,,
NB-ALM-3OZ-CASE,0," ""Almond Butter",TRUE,1,12/13oz Case,"[{'id': 'fake', 'on_hand': '0', 'available': '0', 'committed': '0', 'backorderable': True, 'stock_location_name': 'Big Spoon Roasters Production Facility'}]",0,,,,
NB-TCO-3OZ-CASE,0," ""Toasted Coconut",TRUE,1,12/13oz Case,"[{'id': 'fake', 'on_hand': '0', 'available': '0', 'committed': '0', 'backorderable': True, 'stock_location_name': 'Big Spoon Roasters Production Facility'}]",0,,,,